-- phpMyAdmin SQL Dump
-- version 4.9.5deb2
-- https://www.phpmyadmin.net/
--
-- Host: localhost:3306
-- Generation Time: Jul 27, 2021 at 11:14 AM
-- Server version: 8.0.25-0ubuntu0.20.04.1
-- PHP Version: 7.4.3

SET SQL_MODE = "NO_AUTO_VALUE_ON_ZERO";
SET AUTOCOMMIT = 0;
START TRANSACTION;
SET time_zone = "+00:00";


/*!40101 SET @OLD_CHARACTER_SET_CLIENT=@@CHARACTER_SET_CLIENT */;
/*!40101 SET @OLD_CHARACTER_SET_RESULTS=@@CHARACTER_SET_RESULTS */;
/*!40101 SET @OLD_COLLATION_CONNECTION=@@COLLATION_CONNECTION */;
/*!40101 SET NAMES utf8mb4 */;

--
-- Database: `resource_booking`
--

-- --------------------------------------------------------

--
-- Table structure for table `booking`
--

CREATE TABLE `booking` (
  `id` int UNSIGNED NOT NULL,
  `title` varchar(100) NOT NULL,
  `date_start` date NOT NULL,
  `date_end` date NOT NULL,
  `userid` varchar(25) NOT NULL,
  `returned` tinyint UNSIGNED NOT NULL DEFAULT '0',
  `returned_by` varchar(8) DEFAULT NULL,
  `returned_date` date DEFAULT NULL,
  `created_by` varchar(8) NOT NULL,
  `updated_by` varchar(8) NOT NULL
) ENGINE=InnoDB DEFAULT CHARSET=utf8mb3 COMMENT='Book resources';

--
-- Dumping data for table `booking`
--

INSERT INTO `booking` (`id`, `title`, `date_start`, `date_end`, `userid`, `returned`, `returned_by`, `returned_date`, `created_by`, `updated_by`) VALUES
(9, 'kjhlkj', '2010-01-19', '2010-01-24', 'jelofson', 1, 'jelofson', '2010-01-24', 'jelofson', 'jelofson'),
(15, 'Projector', '2010-02-25', '2010-03-02', 'kpetkau', 1, 'kpetkau', '2010-03-02', 'kpetkau', 'kpetkau'),
(37, 'Test', '2010-04-20', '2010-04-21', 'jelofson', 1, 'jelofson', '2010-04-21', 'jelofson', 'jelofson'),
(39, 'Satellite phone booking', '2010-04-26', '2010-05-01', 'lchittic', 1, 'lchittic', '2010-05-01', 'lchittic', 'lchittic'),
(41, 'Quad Training', '2010-05-06', '2010-05-07', 'btomm', 1, 'btomm', '2010-05-07', 'btomm', 'btomm'),
(42, 'Quad Training 2', '2010-05-12', '2010-05-13', 'btomm', 1, 'btomm', '2010-05-13', 'btomm', 'btomm'),
(49, 'Sat phone 2', '2010-05-17', '2010-05-22', 'jsalvail', 1, 'jsalvail', '2010-05-22', 'jsalvail', 'jsalvail'),
(50, 'Zamatraps', '2010-06-21', '2010-06-26', 'ayohanne', 1, 'ayohanne', '2010-06-26', 'ayohanne', 'ayohanne'),
(51, 'Zamadefol', '2010-07-19', '2010-07-24', 'ayohanne', 1, 'ayohanne', '2010-07-24', 'ayohanne', 'ayohanne'),
(55, 'Pine Project', '2010-05-25', '2010-06-09', 'jsalvail', 1, 'jsalvail', '2010-06-09', 'jsalvail', 'jsalvail'),
(59, 'Sat Phone 2', '2010-06-09', '2010-06-18', 'jsalvail', 1, 'jsalvail', '2010-06-18', 'jsalvail', 'jsalvail'),
(64, 'FNFP', '2010-06-22', '2010-06-23', 'dmcvitti', 1, 'dmcvitti', '2010-06-23', 'dmcvitti', 'dmcvitti'),
(70, 'Yah Baby', '2010-12-09', '2010-12-11', 'jcrumbau', 1, 'jcrumbau', '2010-12-11', 'jcrumbau', 'jcrumbau'),
(72, 'Projector', '2010-07-21', '2010-07-22', 'rkrygier', 1, 'rkrygier', '2010-07-22', 'rkrygier', 'rkrygier'),
(74, 'student loaner', '2010-07-26', '2010-08-05', 'dawillia', 1, 'dawillia', '2010-08-05', 'dawillia', 'dawillia'),
(76, 'equip haul', '2010-08-04', '2010-08-11', 'jcrumbau', 1, 'jcrumbau', '2010-08-11', 'jcrumbau', 'jcrumbau'),
(78, 'NWT August Trip', '2010-08-13', '2010-08-26', 'rerringt', 1, 'rerringt', '2010-08-26', 'rerringt', 'rerringt'),
(79, 'NWT August Trip', '2010-08-13', '2010-08-26', 'rerringt', 1, 'rerringt', '2010-08-26', 'rerringt', 'rerringt'),
(83, 'Pine E-14', '2010-08-22', '2010-08-28', 'jsalvail', 1, 'jsalvail', '2010-08-28', 'jsalvail', 'jsalvail'),
(84, 'Pine E-14', '2010-08-22', '2010-08-28', 'jsalvail', 1, 'jsalvail', '2010-08-28', 'jsalvail', 'jsalvail'),
(87, 'Seminar', '2010-08-27', '2010-08-30', 'aghebrem', 1, 'aghebrem', '2010-08-30', 'aghebrem', 'aghebrem'),
(88, 'SAT phone 2', '2010-08-24', '2010-08-31', 'dlangor', 1, 'dlangor', '2010-08-31', 'dlangor', 'dlangor'),
(90, 'SBW field work in QC', '2010-08-31', '2010-09-30', 'earsenau', 1, 'earsenau', '2010-09-30', 'earsenau', 'earsenau'),
(109, 'Projector NEC 1', '2010-10-06', '2010-10-07', 'dlangor', 1, 'dlangor', '2010-10-07', 'dlangor', 'dlangor'),
(114, 'CWFC Forum - Jasper', '2010-11-18', '2010-11-26', 'bjoss', 1, 'bjoss', '2010-11-26', 'bjoss', 'bjoss'),
(117, 'Quad Maintenance', '2010-11-05', '2010-11-18', 'btomm', 1, 'btomm', '2010-11-18', 'btomm', 'btomm'),
(118, 'Quad Maintenance - Transport', '2010-11-05', '2010-11-06', 'btomm', 1, 'btomm', '2010-11-06', 'btomm', 'btomm'),
(121, 'CCFM TAg', '2010-11-05', '2010-11-10', 'twilliam', 1, 'twilliam', '2010-11-10', 'twilliam', 'twilliam'),
(123, 'Dave Langor booking', '2010-11-10', '2010-11-13', 'dawillia', 1, 'dawillia', '2010-11-13', 'dawillia', 'dawillia'),
(143, 'test', '2010-11-30', '2010-12-01', 'jelofson', 1, 'jelofson', '2010-12-01', 'jelofson', 'jelofson'),
(152, 'Projector for Krygier', '2010-12-10', '2010-12-11', 'rkrygier', 1, 'rkrygier', '2010-12-11', 'rkrygier', 'rkrygier'),
(163, 'Projector', '2011-01-26', '2011-01-29', 'dmcvitti', 1, 'dmcvitti', '2011-01-29', 'dmcvitti', 'dmcvitti'),
(166, 'A Meeting', '2011-01-13', '2011-01-17', 'mgartrel', 1, 'mgartrel', '2011-01-17', 'mgartrel', 'mgartrel'),
(170, 'CCTF Workshop', '2011-02-28', '2011-03-04', 'jasedwar', 1, 'jasedwar', '2011-03-04', 'jasedwar', 'jasedwar'),
(186, 'SAP Training', '2011-02-14', '2011-02-18', 'kchow', 1, 'kchow', '2011-02-18', 'kchow', 'kchow'),
(194, 'ArcGIS license for MMichaelian', '2011-03-07', '2011-03-15', 'mmichael', 1, 'mmichael', '2011-03-15', 'mmichael', 'mmichael'),
(197, 'ArcGIS license1 for Michaelian', '2011-03-18', '2011-03-22', 'mmichael', 1, 'mmichael', '2011-03-22', 'mmichael', 'mmichael'),
(199, 'Landscape Rec Project', '2011-03-25', '2011-04-01', 'swilliam', 1, 'swilliam', '2011-04-01', 'swilliam', 'swilliam'),
(201, 'ArcGIS license for MMichaelian', '2011-03-24', '2011-03-29', 'mmichael', 1, 'mmichael', '2011-03-29', 'mmichael', 'mmichael'),
(203, 'Canmore workshop', '2011-04-11', '2011-04-16', 'rbrett', 1, 'rbrett', '2011-04-16', 'rbrett', 'rbrett'),
(205, 'SAT phone 2', '2011-04-04', '2011-04-05', 'mhobbs', 1, 'mhobbs', '2011-04-05', 'mhobbs', 'mhobbs'),
(212, 'ArcGIS license1 for Michaelian', '2011-04-27', '2011-05-02', 'mmichael', 1, 'mmichael', '2011-05-02', 'mmichael', 'mmichael'),
(213, 'ArcGIS license1 for Michaelian', '2011-05-04', '2011-05-09', 'mmichael', 1, 'mmichael', '2011-05-09', 'mmichael', 'mmichael'),
(216, 'ATV Training', '2011-05-26', '2011-05-28', 'btomm', 1, 'btomm', '2011-05-28', 'btomm', 'btomm'),
(217, 'Zama Trip #1', '2011-06-27', '2011-07-02', 'btomm', 1, 'btomm', '2011-07-02', 'btomm', 'btomm'),
(218, 'Zama Trip #2', '2011-09-06', '2011-09-12', 'btomm', 1, 'btomm', '2011-09-12', 'btomm', 'btomm'),
(226, 'ATV Training', '2011-05-26', '2011-05-28', 'priopel', 1, 'priopel', '2011-05-28', 'priopel', 'priopel'),
(227, 'Trailer', '2011-05-10', '2011-05-11', 'eburnsti', 1, 'eburnsti', '2011-05-11', 'eburnsti', 'eburnsti'),
(228, 'ArcGIS license for MMichaelian', '2011-05-11', '2011-05-16', 'mmichael', 1, 'mmichael', '2011-05-16', 'mmichael', 'mmichael'),
(230, 'Projector', '2011-05-13', '2011-05-14', 'dlangor', 1, 'dlangor', '2011-05-14', 'dlangor', 'dlangor'),
(231, 'Projector', '2011-05-30', '2011-06-01', 'rhall', 1, 'rhall', '2011-06-01', 'rhall', 'rhall'),
(237, 'Trailer', '2011-05-24', '2011-05-25', 'eburnsti', 1, 'eburnsti', '2011-05-25', 'eburnsti', 'eburnsti'),
(240, 'Beaverlodge - mblank', '2011-05-30', '2011-06-04', 'mblank', 1, 'mblank', '2011-06-04', 'mblank', 'mblank'),
(241, 'Beaverlodge - mblank', '2011-05-30', '2011-06-04', 'mblank', 1, 'mblank', '2011-06-04', 'mblank', 'mblank'),
(243, 'Bioremediation - mblank', '2011-06-07', '2011-06-11', 'mblank', 1, 'mblank', '2011-06-11', 'mblank', 'mblank'),
(244, 'Biorem - mblank', '2011-06-13', '2011-06-18', 'mblank', 1, 'mblank', '2011-06-18', 'mblank', 'mblank'),
(246, 'CCTF meeting - Vancouver', '2011-06-17', '2011-06-23', 'jasedwar', 1, 'jasedwar', '2011-06-23', 'jasedwar', 'jasedwar'),
(247, 'ArcGIS license1 for Michaelian', '2011-06-15', '2011-06-30', 'mmichael', 1, 'mmichael', '2011-06-30', 'mmichael', 'mmichael'),
(249, 'MPB ON WHITE PINE', '2011-06-21', '2011-06-25', 'jdweber', 1, 'jdweber', '2011-06-25', 'jdweber', 'jdweber'),
(250, 'Sat phone 2', '2011-07-15', '2011-07-25', 'bsimpson', 1, 'bsimpson', '2011-07-25', 'bsimpson', 'bsimpson'),
(251, 'Trailer', '2011-06-27', '2011-06-29', 'eburnsti', 1, 'eburnsti', '2011-06-29', 'eburnsti', 'eburnsti'),
(252, 'ArcGIS license1 for Michaelian', '2011-07-05', '2011-07-20', 'mmichael', 1, 'mmichael', '2011-07-20', 'mmichael', 'mmichael'),
(253, 'Beaverlodge - MB', '2011-07-11', '2011-07-16', 'mblank', 1, 'mblank', '2011-07-16', 'mblank', 'mblank'),
(254, 'ATV', '2011-07-08', '2011-07-16', 'tkeddy', 1, 'tkeddy', '2011-07-16', 'tkeddy', 'tkeddy'),
(255, 'equipment moving', '2011-07-08', '2011-07-09', 'mblank', 1, 'mblank', '2011-07-09', 'mblank', 'mblank'),
(256, 'ATV Training', '2011-07-12', '2011-07-13', 'btomm', 1, 'btomm', '2011-07-13', 'btomm', 'btomm'),
(258, 'Bioremediation - MB', '2011-07-18', '2011-07-23', 'mblank', 1, 'mblank', '2011-07-23', 'mblank', 'mblank'),
(259, 'Climate Change Program', '2011-07-18', '2011-07-21', 'khirsch', 1, 'khirsch', '2011-07-21', 'khirsch', 'khirsch'),
(260, 'MFiliatrault book ArcGIS', '2011-07-22', '2011-07-25', 'mfiliatr', 1, 'mfiliatr', '2011-07-25', 'mfiliatr', 'mfiliatr'),
(261, 'ATV', '2011-07-25', '2011-08-01', 'tkeddy', 1, 'tkeddy', '2011-08-01', 'tkeddy', 'tkeddy'),
(262, 'bioremediation - MB', '2011-07-25', '2011-07-30', 'mblank', 1, 'mblank', '2011-07-30', 'mblank', 'mblank'),
(263, 'Bioremediation - MB', '2011-08-02', '2011-08-13', 'mblank', 1, 'mblank', '2011-08-13', 'mblank', 'mblank'),
(264, 'SRWC/BPMFI', '2011-08-02', '2011-09-02', 'tkeddy', 1, 'tkeddy', '2011-09-02', 'tkeddy', 'tkeddy'),
(267, 'Bioremediation', '2011-08-15', '2011-08-20', 'mblank', 1, 'mblank', '2011-08-20', 'mblank', 'mblank'),
(268, 'NWT field trip', '2011-08-15', '2011-09-01', 'eli', 1, 'eli', '2011-09-01', 'eli', 'eli'),
(271, 'bioremediation', '2011-08-22', '2011-08-27', 'mblank', 1, 'mblank', '2011-08-27', 'mblank', 'mblank'),
(272, 'Trailer 7', '2011-08-29', '2011-08-31', 'carevalo', 1, 'carevalo', '2011-08-31', 'carevalo', 'carevalo'),
(274, 'Sat phone extension', '2011-09-01', '2011-09-11', 'rerringt', 1, 'rerringt', '2011-09-11', 'rerringt', 'rerringt'),
(276, 'Trailer 2', '2011-09-08', '2011-09-10', 'carevalo', 1, 'carevalo', '2011-09-10', 'carevalo', 'carevalo'),
(277, 'HP Project', '2011-09-12', '2011-09-15', 'carevalo', 1, 'carevalo', '2011-09-15', 'carevalo', 'carevalo'),
(283, 'bioremediation', '2011-09-19', '2011-09-24', 'mblank', 1, 'mblank', '2011-09-24', 'mblank', 'mblank'),
(288, 'Digital Projector for CIF meeting', '2011-11-01', '2011-11-03', 'rhall', 1, 'rhall', '2011-11-03', 'rhall', 'rhall'),
(289, 'Digital Projector for CIF meeting', '2011-10-31', '2011-11-01', 'rhall', 1, 'rhall', '2011-11-01', 'rhall', 'rhall'),
(291, 'Projector', '2011-10-19', '2011-10-20', 'dlangor', 1, 'dlangor', '2011-10-20', 'dlangor', 'dlangor'),
(299, 'ArcGIS license1 for Michaelian', '2011-11-23', '2011-11-24', 'mmichael', 1, 'mmichael', '2011-11-24', 'mmichael', 'mmichael'),
(300, 'ArcGIS license', '2011-11-25', '2011-11-28', 'mfiliatr', 1, 'mfiliatr', '2011-11-28', 'mfiliatr', 'mfiliatr'),
(301, 'Volney Presentation', '2011-11-30', '2011-12-03', 'btomm', 1, 'btomm', '2011-12-03', 'btomm', 'btomm'),
(303, 'ArcGIS license1 for Michaelian', '2011-12-01', '2011-12-06', 'mmichael', 1, 'mmichael', '2011-12-06', 'mmichael', 'mmichael'),
(305, 'projector loan', '2012-01-06', '2012-01-09', 'jdweber', 1, 'jdweber', '2012-01-09', 'jdweber', 'jdweber'),
(308, 'ArcGIS license1 for Michaelian', '2012-02-02', '2012-02-07', 'mmichael', 1, 'mmichael', '2012-02-07', 'mmichael', 'mmichael'),
(310, 'Trailer', '2012-02-16', '2012-03-01', 'gbrahniu', 1, 'gbrahniu', '2012-03-01', 'gbrahniu', 'gbrahniu'),
(311, 'Borrow LT 155 digital projector', '2012-03-15', '2012-03-17', 'rhall', 1, 'rhall', '2012-03-17', 'rhall', 'rhall'),
(312, 'Projector NEC 1', '2012-02-22', '2012-02-23', 'dlangor', 1, 'dlangor', '2012-02-23', 'dlangor', 'dlangor'),
(313, 'ArcGIS license1 for Michaelian', '2012-02-23', '2012-02-28', 'mmichael', 1, 'mmichael', '2012-02-28', 'mmichael', 'mmichael'),
(317, 'Projector', '2012-04-04', '2012-04-05', 'dlangor', 1, 'dlangor', '2012-04-05', 'dlangor', 'dlangor'),
(318, 'ArcGIS license1 for Michaelian', '2012-04-04', '2012-04-11', 'mmichael', 1, 'mmichael', '2012-04-11', 'mmichael', 'mmichael'),
(321, 'Satellite phone 2 sign out', '2012-05-14', '2012-05-19', 'lchittic', 1, 'lchittic', '2012-05-19', 'lchittic', 'lchittic'),
(322, 'Fort McMurray', '2012-05-14', '2012-05-19', 'bpinno', 1, 'bpinno', '2012-05-19', 'bpinno', 'bpinno'),
(323, 'Whitecourt site maintenance', '2012-05-17', '2012-05-18', 'mblank', 1, 'mblank', '2012-05-18', 'mblank', 'mblank'),
(324, 'Satellite phone booking', '2012-05-22', '2012-05-26', 'lchittic', 1, 'lchittic', '2012-05-26', 'lchittic', 'lchittic'),
(327, 'Whitecourt site maintenance', '2012-05-25', '2012-06-01', 'mblank', 1, 'mblank', '2012-06-01', 'mblank', 'mblank'),
(328, 'Satellite phone booking', '2012-05-28', '2012-06-02', 'lchittic', 1, 'lchittic', '2012-06-02', 'lchittic', 'lchittic'),
(329, 'Chisholm - Fire', '2012-05-31', '2012-06-02', 'btomm', 1, 'btomm', '2012-06-02', 'btomm', 'btomm'),
(330, 'Fort McMurray', '2012-06-08', '2012-06-19', 'bpinno', 1, 'bpinno', '2012-06-19', 'bpinno', 'bpinno'),
(331, 'Chisholm - Fire', '2012-06-02', '2012-06-08', 'btomm', 1, 'btomm', '2012-06-08', 'btomm', 'btomm'),
(332, 'Satellite phone booking', '2012-06-04', '2012-06-09', 'lchittic', 1, 'lchittic', '2012-06-09', 'lchittic', 'lchittic'),
(334, 'Laptopn and projector for Dan MacIsaac', '2012-06-15', '2012-06-21', 'dmacisaa', 1, 'dmacisaa', '2012-06-21', 'dmacisaa', 'dmacisaa'),
(338, 'plot maintenance', '2012-06-07', '2012-06-09', 'mblank', 1, 'mblank', '2012-06-09', 'mblank', 'mblank'),
(339, 'CCTF meeting', '2012-07-02', '2012-07-07', 'jasedwar', 1, 'jasedwar', '2012-07-07', 'jasedwar', 'jasedwar'),
(340, 'Satellite phone', '2012-06-25', '2012-06-30', 'lchittic', 1, 'lchittic', '2012-06-30', 'lchittic', 'lchittic'),
(341, 'Fire Unit - Wood Buffalo Fieldwork', '2012-06-25', '2012-07-12', 'danthomp', 1, 'danthomp', '2012-07-12', 'danthomp', 'danthomp'),
(345, 'ESC Meeting', '2012-11-02', '2012-11-07', 'gpohl', 1, 'gpohl', '2012-11-07', 'gpohl', 'gpohl'),
(346, 'James River Assessment', '2012-06-28', '2012-06-30', 'rbrett', 1, 'rbrett', '2012-06-30', 'rbrett', 'rbrett'),
(347, 'James River Assessment', '2012-06-28', '2012-06-30', 'rbrett', 1, 'rbrett', '2012-06-30', 'rbrett', 'rbrett'),
(348, 'Chisholm - Fire', '2012-07-03', '2012-07-14', 'btomm', 1, 'btomm', '2012-07-14', 'btomm', 'btomm'),
(350, 'Satellite phone 2 booking', '2012-07-03', '2012-07-07', 'lchittic', 1, 'lchittic', '2012-07-07', 'lchittic', 'lchittic'),
(351, 'Satellite phone 2 booking', '2012-07-13', '2012-07-20', 'lchittic', 1, 'lchittic', '2012-07-20', 'lchittic', 'lchittic'),
(356, 'Alcott Creek', '2012-07-18', '2012-07-21', 'jsalvail', 1, 'jsalvail', '2012-07-21', 'jsalvail', 'jsalvail'),
(357, 'Wastewater site maintenance', '2012-07-23', '2012-08-04', 'mblank', 1, 'mblank', '2012-08-04', 'mblank', 'mblank'),
(361, 'CIPHA', '2012-08-01', '2012-08-17', 'btomm', 1, 'btomm', '2012-08-17', 'btomm', 'btomm'),
(362, 'ArcGIS license1 for Michaelian', '2012-08-02', '2012-08-07', 'mmichael', 1, 'mmichael', '2012-08-07', 'mmichael', 'mmichael'),
(363, 'Bioremediation site maintenance', '2012-08-07', '2012-08-11', 'mblank', 1, 'mblank', '2012-08-11', 'mblank', 'mblank'),
(364, 'James River Cleanup', '2012-08-13', '2012-08-23', 'rbrett', 1, 'rbrett', '2012-08-23', 'rbrett', 'rbrett'),
(366, 'Langor', '2012-08-16', '2012-08-26', 'dlangor', 1, 'dlangor', '2012-08-26', 'dlangor', 'dlangor'),
(368, 'Lodgepole Pine', '2012-09-04', '2012-09-07', 'jsalvail', 1, 'jsalvail', '2012-09-07', 'jsalvail', 'jsalvail'),
(369, 'Lodgepole Pine', '2012-09-04', '2012-09-05', 'jsalvail', 1, 'jsalvail', '2012-09-05', 'jsalvail', 'jsalvail'),
(370, 'Lodgepole Pine', '2012-09-05', '2012-09-07', 'jsalvail', 1, 'jsalvail', '2012-09-07', 'jsalvail', 'jsalvail'),
(373, 'Kananaskis 2012 Wildfire Conference', '2012-09-28', '2012-10-09', 'jlittle', 1, 'jlittle', '2012-10-09', 'jlittle', 'jlittle'),
(374, 'Sat phone booking', '2012-10-10', '2012-10-15', 'lchittic', 1, 'lchittic', '2012-10-15', 'lchittic', 'lchittic'),
(375, 'Richardson Burn trip', '2012-09-11', '2012-10-11', 'rerringt', 1, 'rerringt', '2012-10-11', 'rerringt', 'rerringt'),
(376, 'Richardson Burn Trip', '2012-09-24', '2012-10-06', 'rerringt', 1, 'rerringt', '2012-10-06', 'rerringt', 'rerringt'),
(377, 'Richardson Burn Trip', '2012-09-24', '2012-10-06', 'rerringt', 1, 'rerringt', '2012-10-06', 'rerringt', 'rerringt'),
(380, 'Satellite phone 2', '2012-09-17', '2012-09-22', 'lchittic', 1, 'lchittic', '2012-09-22', 'lchittic', 'lchittic'),
(384, 'Satellite phone booking', '2012-09-24', '2012-09-29', 'lchittic', 1, 'lchittic', '2012-09-29', 'lchittic', 'lchittic'),
(387, 'Annual Servicing', '2012-10-08', '2012-12-04', 'btomm', 1, 'btomm', '2012-12-04', 'btomm', 'btomm'),
(388, 'ArcGIS License1 ', '2012-10-12', '2012-10-16', 'mmichael', 1, 'mmichael', '2012-10-16', 'mmichael', 'mmichael'),
(390, 'CCTF meeting', '2012-10-22', '2012-10-27', 'jasedwar', 1, 'jasedwar', '2012-10-27', 'jasedwar', 'jasedwar'),
(391, 'CCTF meeting', '2012-10-19', '2012-10-22', 'jasedwar', 1, 'jasedwar', '2012-10-22', 'jasedwar', 'jasedwar'),
(394, 'Hinton Pine mensuration', '2012-10-29', '2012-11-03', 'jsalvail', 1, 'jsalvail', '2012-11-03', 'jsalvail', 'jsalvail'),
(395, 'Sat phone 2', '2012-10-29', '2012-11-03', 'lchittic', 1, 'lchittic', '2012-11-03', 'lchittic', 'lchittic'),
(396, 'Dell  Projector', '2012-11-07', '2012-11-09', 'khirsch', 1, 'khirsch', '2012-11-09', 'khirsch', 'khirsch'),
(401, 'ArcGIS License1', '2012-11-09', '2012-11-14', 'mmichael', 1, 'mmichael', '2012-11-14', 'mmichael', 'mmichael'),
(402, 'Sat phone 2', '2012-11-13', '2012-11-17', 'lchittic', 1, 'lchittic', '2012-11-17', 'lchittic', 'lchittic'),
(409, 'Edwards-CCFM', '2013-01-28', '2013-01-31', 'jasedwar', 1, 'jasedwar', '2013-01-31', 'jasedwar', 'jasedwar'),
(412, 'Edwards CCFM', '2013-01-31', '2013-02-01', 'jasedwar', 1, 'jasedwar', '2013-02-01', 'jasedwar', 'jasedwar'),
(422, 'Richardson Fire', '2013-07-17', '2013-07-31', 'bpinno', 1, 'bpinno', '2013-07-31', 'bpinno', 'bpinno'),
(424, 'ATV Training - All resources may not be required', '2013-06-11', '2013-06-12', 'btomm', 1, 'btomm', '2013-06-12', 'btomm', 'btomm'),
(425, 'ATV Safety Recall', '2013-06-06', '2013-06-07', 'btomm', 1, 'btomm', '2013-06-07', 'btomm', 'btomm'),
(429, 'Biochar production', '2013-05-27', '2013-05-30', 'mblank', 1, 'mblank', '2013-05-30', 'mblank', 'mblank'),
(431, 'Whitecourt plot maintenance', '2013-06-11', '2013-06-12', 'mblank', 1, 'mblank', '2013-06-12', 'mblank', 'mblank'),
(432, 'Ohaton field work', '2013-06-12', '2013-06-22', 'mblank', 1, 'mblank', '2013-06-22', 'mblank', 'mblank'),
(433, 'Whitecourt maintenance', '2013-06-11', '2013-06-12', 'mblank', 1, 'mblank', '2013-06-12', 'mblank', 'mblank'),
(435, 'Pine Value E-14', '2013-06-17', '2013-06-20', 'jsalvail', 1, 'jsalvail', '2013-06-20', 'jsalvail', 'jsalvail'),
(436, 'Pine Value E-14', '2013-06-17', '2013-06-20', 'jsalvail', 1, 'jsalvail', '2013-06-20', 'jsalvail', 'jsalvail'),
(437, 'Ginger - Rocky', '2013-06-19', '2013-06-28', 'rbrett', 1, 'rbrett', '2013-06-28', 'rbrett', 'rbrett'),
(438, 'Fire Research - WBNP', '2013-06-24', '2013-07-24', 'danthomp', 1, 'danthomp', '2013-07-24', 'danthomp', 'danthomp'),
(440, 'Fire Research - WBNP', '2013-06-21', '2013-07-24', 'danthomp', 1, 'danthomp', '2013-07-24', 'danthomp', 'danthomp'),
(441, 'Rog NWT', '2013-06-28', '2013-08-02', 'rbrett', 1, 'rbrett', '2013-08-02', 'rbrett', 'rbrett'),
(443, 'Langor', '2013-06-28', '2013-07-08', 'dlangor', 1, 'dlangor', '2013-07-08', 'dlangor', 'dlangor'),
(444, 'ArcGIS License', '2013-07-01', '2013-07-18', 'mmichael', 1, 'mmichael', '2013-07-18', 'mmichael', 'mmichael'),
(445, 'ATV Surplus Transport', '2013-07-02', '2013-07-03', 'btomm', 1, 'btomm', '2013-07-03', 'btomm', 'btomm'),
(446, 'Fort Providence, NWT', '2013-07-11', '2013-07-30', 'rhall', 1, 'rhall', '2013-07-30', 'rhall', 'rhall'),
(448, 'Prep/Test', '2013-07-08', '2013-07-11', 'mgartrel', 1, 'mgartrel', '2013-07-11', 'mgartrel', 'mgartrel'),
(450, 'Pinno - Richardson Burn', '2013-07-15', '2013-07-30', 'bpinno', 1, 'bpinno', '2013-07-30', 'bpinno', 'bpinno'),
(451, 'Forest Pathology', '2013-07-18', '2013-07-28', 'cmyrholm', 1, 'cmyrholm', '2013-07-28', 'cmyrholm', 'cmyrholm'),
(452, 'Willow biomass', '2013-07-17', '2013-08-24', 'mblank', 1, 'mblank', '2013-08-24', 'mblank', 'mblank'),
(453, 'Willow biomass', '2013-07-22', '2013-08-24', 'mblank', 1, 'mblank', '2013-08-24', 'mblank', 'mblank'),
(454, 'Sat phone', '2013-07-30', '2013-08-11', 'lchittic', 1, 'lchittic', '2013-08-11', 'lchittic', 'lchittic'),
(456, 'Slave Lake/Boreal', '2013-08-06', '2013-08-10', 'jsalvail', 1, 'jsalvail', '2013-08-10', 'jsalvail', 'jsalvail'),
(457, 'Slave Lake/Boreal', '2013-08-06', '2013-08-10', 'jsalvail', 1, 'jsalvail', '2013-08-10', 'jsalvail', 'jsalvail'),
(458, 'Slave Lake/Boreal', '2013-08-06', '2013-08-10', 'jsalvail', 1, 'jsalvail', '2013-08-10', 'jsalvail', 'jsalvail'),
(461, 'Linda Toy', '2013-08-20', '2013-08-26', 'ltoy', 1, 'ltoy', '2013-08-26', 'ltoy', 'ltoy'),
(462, 'Langor', '2013-08-19', '2013-08-26', 'dlangor', 1, 'dlangor', '2013-08-26', 'dlangor', 'dlangor'),
(463, 'Willow chip hauling', '2013-08-19', '2013-08-20', 'mblank', 1, 'mblank', '2013-08-20', 'mblank', 'mblank'),
(469, 'For Pine Room presentaion', '2013-08-26', '2013-08-28', 'fbanjo', 1, 'fbanjo', '2013-08-28', 'fbanjo', 'fbanjo'),
(470, 'Aboriginal Affairs and Northern Development Canada HR Meeting', '2013-09-09', '2013-09-13', 'cabma', 1, 'cabma', '2013-09-13', 'cabma', 'cabma'),
(477, 'Rocky FH Plot Cleanup', '2013-09-27', '2013-10-05', 'rbrett', 1, 'rbrett', '2013-10-05', 'rbrett', 'rbrett'),
(479, 'Projector NEC 1', '2013-09-30', '2013-10-15', 'tramsfie', 1, 'tramsfie', '2013-10-15', 'tramsfie', 'tramsfie'),
(480, 'Tomm - Rocky Mtn. House Sulfur Impact Plots', '2013-09-27', '2013-10-06', 'btomm', 1, 'btomm', '2013-10-06', 'btomm', 'btomm'),
(484, 'Willow bale hauling', '2013-10-09', '2013-10-12', 'mblank', 1, 'mblank', '2013-10-12', 'mblank', 'mblank'),
(502, 'Trailer', '2013-12-16', '2013-12-23', 'tkeddy', 1, 'tkeddy', '2013-12-23', 'tkeddy', 'tkeddy'),
(509, 'Emend for Oilsands', '2014-02-24', '2014-02-27', 'morankin', 1, 'morankin', '2014-02-27', 'morankin', 'morankin'),
(510, 'Brad Pinno Fort McMurray field trip', '2014-05-30', '2014-06-10', 'bpinno', 1, 'bpinno', '2014-06-10', 'bpinno', 'bpinno'),
(512, 'Tomm - Grande Prairie MPB', '2014-03-03', '2014-03-17', 'btomm', 1, 'btomm', '2014-03-17', 'btomm', 'btomm'),
(517, 'Trailer', '2014-03-10', '2014-03-11', 'tkeddy', 1, 'tkeddy', '2014-03-11', 'tkeddy', 'tkeddy'),
(518, 'Trailer', '2014-03-11', '2014-03-20', 'tkeddy', 1, 'tkeddy', '2014-03-20', 'tkeddy', 'tkeddy'),
(519, 'Spirit River', '2014-03-10', '2014-03-20', 'jsalvail', 1, 'jsalvail', '2014-03-20', 'jsalvail', 'jsalvail'),
(522, 'Richardson trip 1', '2014-05-30', '2014-06-17', 'rerringt', 1, 'rerringt', '2014-06-17', 'rerringt', 'rerringt'),
(523, 'Richardson trip 2', '2014-08-31', '2014-09-20', 'rerringt', 1, 'jelofson', '2014-09-23', 'rerringt', 'rerringt'),
(529, 'ATV Training', '2014-04-28', '2014-04-29', 'btomm', 1, 'btomm', '2014-04-29', 'btomm', 'btomm'),
(530, 'ATV Training', '2014-05-07', '2014-05-08', 'btomm', 1, 'btomm', '2014-05-08', 'btomm', 'btomm'),
(531, 'ATV Training', '2014-05-15', '2014-05-16', 'btomm', 1, 'btomm', '2014-05-16', 'btomm', 'btomm'),
(533, 'ATV Maintenance', '2014-04-22', '2014-04-23', 'btomm', 1, 'btomm', '2014-04-23', 'btomm', 'btomm'),
(537, 'Pine Value E-14', '2014-05-12', '2014-05-17', 'jsalvail', 1, 'jsalvail', '2014-05-17', 'jsalvail', 'jsalvail'),
(538, 'Pine Value E-14', '2014-05-12', '2014-05-17', 'jsalvail', 1, 'jsalvail', '2014-05-17', 'jsalvail', 'jsalvail'),
(539, 'Pine Value E-14', '2014-05-12', '2014-05-17', 'jsalvail', 1, 'jsalvail', '2014-05-17', 'jsalvail', 'jsalvail'),
(540, 'ATV Maintenance', '2014-05-08', '2014-05-09', 'btomm', 1, 'btomm', '2014-05-09', 'btomm', 'btomm'),
(541, 'Brad CNRL', '2014-05-16', '2014-05-31', 'bpinno', 1, 'bpinno', '2014-05-31', 'bpinno', 'bpinno'),
(544, 'Rog - Ft McMurray', '2014-06-23', '2014-07-03', 'rbrett', 1, 'rbrett', '2014-07-03', 'rbrett', 'rbrett'),
(545, 'Rog - La Loche', '2014-08-04', '2014-08-14', 'rbrett', 1, 'rbrett', '2014-08-14', 'rbrett', 'rbrett'),
(546, 'Thompson - Wood Buffalo Project', '2014-06-11', '2014-06-27', 'danthomp', 1, 'danthomp', '2014-06-27', 'danthomp', 'danthomp'),
(549, 'Thompson - Wood Buffalo Project', '2014-06-11', '2014-06-27', 'danthomp', 1, 'danthomp', '2014-06-27', 'danthomp', 'danthomp'),
(552, 'Swan Hills ', '2014-06-23', '2014-07-08', 'jhammond', 1, 'jhammond', '2014-07-08', 'jhammond', 'jhammond'),
(553, 'Linda Toy', '2014-08-07', '2014-08-18', 'ltoy', 1, 'fbanjo', '2014-08-20', 'ltoy', 'ltoy'),
(554, 'Pine Value E-14', '2014-06-25', '2014-07-05', 'jsalvail', 1, 'jsalvail', '2014-07-05', 'jsalvail', 'jsalvail'),
(555, 'Pine Value E-14', '2014-06-25', '2014-07-05', 'jsalvail', 1, 'jsalvail', '2014-07-05', 'jsalvail', 'jsalvail'),
(556, 'Pine Value E-14', '2014-06-25', '2014-07-05', 'jsalvail', 1, 'jsalvail', '2014-07-05', 'jsalvail', 'jsalvail'),
(557, 'Parisient - Mtn Parks fieldwork', '2014-07-04', '2014-07-20', 'danthomp', 1, 'danthomp', '2014-07-20', 'danthomp', 'danthomp'),
(559, 'SAT phone ', '2014-07-12', '2014-07-19', 'cmcnalty', 1, 'cmcnalty', '2014-07-19', 'cmcnalty', 'cmcnalty'),
(560, 'ArcGIS mobile license', '2014-07-16', '2014-07-29', 'mmichael', 1, 'mmichael', '2014-07-29', 'mmichael', 'mmichael'),
(561, 'Sat Phone #3', '2014-07-16', '2014-07-28', 'mmichael', 1, 'mmichael', '2014-07-28', 'mmichael', 'mmichael'),
(563, 'Tomm - Peace River EnFor', '2014-07-21', '2014-07-28', 'btomm', 1, 'btomm', '2014-07-28', 'btomm', 'btomm'),
(566, 'ArcGIS mobile license', '2014-08-15', '2014-09-02', 'mmichael', 1, 'mmichael', '2014-09-03', 'mmichael', 'mmichael'),
(568, 'Spirit River', '2014-08-18', '2014-08-28', 'jsalvail', 1, 'jsalvail', '2014-08-29', 'jsalvail', 'jsalvail'),
(575, 'Spirit River', '2014-09-02', '2014-09-11', 'jsalvail', 1, 'mgartrel', '2014-09-15', 'jsalvail', 'jsalvail'),
(577, 'Spirit River', '2014-09-11', '2014-09-25', 'jsalvail', 1, 'jsalvail', '2014-09-25', 'jsalvail', 'jsalvail'),
(580, 'Ruth Richardson Burn', '2014-09-10', '2014-09-19', 'bpinno', 1, 'jelofson', '2014-09-23', 'bpinno', 'bpinno'),
(583, 'ArcGIS mobile license', '2014-09-13', '2014-09-22', 'mmichael', 1, 'mmichael', '2014-09-25', 'mmichael', 'mmichael'),
(587, 'EMEND', '2014-09-29', '2014-10-09', 'jsalvail', 1, 'jsalvail', '2014-10-10', 'jsalvail', 'jsalvail'),
(588, 'EMEND', '2014-09-29', '2014-10-09', 'jsalvail', 1, 'jsalvail', '2014-10-10', 'jsalvail', 'jsalvail'),
(589, 'EMEND', '2014-09-29', '2014-10-09', 'jsalvail', 1, 'jsalvail', '2014-10-10', 'jsalvail', 'jsalvail'),
(591, 'National Smoke Forum', '2014-10-07', '2014-10-14', 'kanderso', 1, 'bwong', '2014-10-15', 'kanderso', 'kanderso'),
(595, 'Field Work', '2014-10-20', '2014-10-25', 'thook', 1, 'mkeryliu', '2014-10-27', 'thook', 'thook'),
(597, 'Projector Langor', '2014-10-17', '2014-10-21', 'dlangor', 1, 'fbanjo', '2014-10-20', 'dlangor', 'dlangor'),
(598, 'For David Langor ... Extension', '2014-10-21', '2014-10-30', 'dlangor', 1, 'jelofson', '2014-10-30', 'dlangor', 'dlangor'),
(602, 'Pine LTRI', '2014-10-24', '2014-11-01', 'jsalvail', 1, 'jsalvail', '2014-11-03', 'jsalvail', 'jsalvail'),
(603, 'Pine LTRI', '2014-10-24', '2014-11-01', 'jsalvail', 1, 'jsalvail', '2014-11-03', 'jsalvail', 'jsalvail'),
(604, 'Pine LTRI', '2014-10-24', '2014-11-01', 'jsalvail', 1, 'jsalvail', '2014-11-03', 'jsalvail', 'jsalvail'),
(605, 'Pine LTRI', '2014-11-04', '2014-11-08', 'jsalvail', 1, 'jsalvail', '2014-11-13', 'jsalvail', 'jsalvail'),
(606, 'Pine LTRI', '2014-11-04', '2014-11-08', 'jsalvail', 1, 'jsalvail', '2014-11-13', 'jsalvail', 'jsalvail'),
(607, 'Pine LTRI', '2014-11-04', '2014-11-08', 'jsalvail', 1, 'jsalvail', '2014-11-13', 'jsalvail', 'jsalvail'),
(610, 'Whitecourt willow', '2014-11-07', '2014-11-08', 'mblank', 1, 'mblank', '2014-11-17', 'mblank', 'mblank'),
(623, 'Maintenance', '2014-12-10', '2014-12-30', 'btomm', 1, 'btomm', '2015-01-06', 'btomm', 'btomm'),
(636, 'Ron Hall ArcGIS', '2015-02-08', '2015-02-14', 'rhall', 1, 'jelofson', '2015-02-17', 'rhall', 'rhall'),
(654, 'Fire Group WBNP Project', '2015-06-10', '2015-08-04', 'danthomp', 1, 'bwong', '2015-08-12', 'danthomp', 'bwong'),
(655, 'ATV Training', '2015-05-04', '2015-05-06', 'btomm', 1, 'btomm', '2015-05-06', 'btomm', 'btomm'),
(656, 'Willow harvesting', '2015-04-20', '2015-05-04', 'mblank', 1, 'mblank', '2015-05-04', 'mblank', 'mblank'),
(659, 'Ken\'s Retirement', '2015-05-08', '2015-05-09', 'morankin', 1, 'morankin', '2015-05-12', 'morankin', 'morankin'),
(661, 'ArcGIS field license', '2015-05-19', '2015-05-22', 'mmichael', 1, 'mmichael', '2015-05-25', 'mmichael', 'mmichael'),
(665, 'scout reclamation', '2015-06-05', '2015-06-19', 'jdweber', 1, 'jdweber', '2015-06-22', 'jdweber', 'jdweber'),
(668, 'EMEND Tour', '2015-06-24', '2015-06-27', 'tramsfie', 1, 'jelofson', '2015-06-30', 'tramsfie', 'tramsfie'),
(669, 'EMEND Tour', '2015-06-23', '2015-06-24', 'tramsfie', 1, 'jelofson', '2015-06-26', 'tramsfie', 'tramsfie'),
(672, 'Langor', '2015-06-12', '2015-06-18', 'dlangor', 1, 'jelofson', '2015-06-29', 'dlangor', 'dlangor'),
(673, 'Dothistroma Trip - Rocky Mtn. House', '2015-06-16', '2015-06-23', 'btomm', 1, 'btomm', '2015-06-23', 'btomm', 'btomm'),
(674, 'Sat Phone 5-JHammond', '2015-06-21', '2015-06-27', 'jhammond', 1, 'jhammond', '2015-06-30', 'jhammond', 'jhammond'),
(675, 'quad repair', '2015-06-19', '2015-07-29', 'jdweber', 1, 'jdweber', '2015-07-29', 'jdweber', 'jdweber'),
(676, 'Require laptop with ArcGIS installed', '2015-07-02', '2015-07-11', 'rskakun', 1, 'ssafeer', '2015-07-10', 'rskakun', 'ssafeer'),
(677, 'CNRL natural site', '2015-07-20', '2015-07-30', 'jdweber', 1, 'jdweber', '2015-07-29', 'jdweber', 'jdweber'),
(679, 'L', '2015-07-03', '2015-07-13', 'dlangor', 1, 'mkeryliu', '2015-07-14', 'dlangor', 'mkeryliu'),
(681, 'ATV Maintenance Pickup', '2015-07-20', '2015-07-21', 'btomm', 1, 'btomm', '2015-07-20', 'btomm', 'btomm'),
(682, 'book quad 12', '2015-07-20', '2015-07-21', 'jdweber', 1, 'jdweber', '2015-07-20', 'jdweber', 'jdweber'),
(683, 'reclamation natural site', '2015-07-20', '2015-07-30', 'jdweber', 1, 'jdweber', '2015-07-29', 'jdweber', 'jdweber'),
(684, 'ArcGIS Mobile License', '2015-07-21', '2015-08-10', 'mmichael', 1, 'mmichael', '2015-08-12', 'mmichael', 'mmichael'),
(685, 'Videoconference in office', '2015-07-22', '2015-07-23', 'rskakun', 1, 'ssafeer', '2015-07-23', 'mgartrel', 'ssafeer'),
(687, 'Sat Phone', '2015-07-28', '2015-08-10', 'mmichael', 1, 'mmichael', '2015-08-12', 'mmichael', 'mmichael'),
(691, 'Projector Booking (Linda Toy)', '2015-08-21', '2015-08-25', 'ltoy', 1, 'bwong', '2015-08-26', 'bwong', 'bwong'),
(692, 'ArcGIS Mobile License', '2015-08-19', '2015-09-04', 'mmichael', 1, 'mmichael', '2015-09-08', 'mmichael', 'mmichael'),
(693, 'Sat Phone', '2015-08-19', '2015-09-04', 'mmichael', 1, 'mmichael', '2015-09-08', 'mmichael', 'mmichael'),
(694, 'Jim Projector', '2015-08-31', '2015-09-09', 'jhammond', 1, 'jhammond', '2015-09-10', 'jhammond', 'jhammond'),
(695, 'Ft. Nelson - CHIPA - Phellinus', '2015-09-14', '2015-09-19', 'btomm', 1, 'btomm', '2015-10-05', 'btomm', 'btomm'),
(696, 'richardson', '2015-09-14', '2015-09-28', 'jdweber', 1, 'jelofson', '2015-09-30', 'jdweber', 'jelofson'),
(697, 'Pine Value E-14', '2015-09-17', '2015-09-27', 'jsalvail', 1, 'jsalvail', '2015-09-29', 'jsalvail', 'jsalvail'),
(698, 'Pine Value E-14', '2015-09-17', '2015-09-27', 'jsalvail', 1, 'jsalvail', '2015-09-29', 'jsalvail', 'jsalvail'),
(699, 'Pine value - E14', '2015-09-16', '2015-09-26', 'mblank', 1, 'mblank', '2015-09-30', 'mblank', 'mblank'),
(702, 'Big River', '2015-10-13', '2015-11-04', 'hmeszaro', 1, 'hmeszaro', '2015-11-13', 'hmeszaro', 'hmeszaro'),
(704, 'Field Work Hook/Hogg', '2015-10-14', '2015-10-24', 'thook', 1, 'thook', '2015-10-26', 'thook', 'thook'),
(706, 'Sat phone', '2015-10-19', '2015-10-24', 'skull', 1, 'skull', '2015-10-26', 'skull', 'skull'),
(730, 'projector', '2016-05-26', '2016-05-31', 'dlangor', 1, 'ssafeer', '2016-06-02', 'dlangor', 'ssafeer'),
(732, 'Tandberg to Boreal Room', '2016-06-14', '2016-06-15', 'dmcvitti', 1, 'dmcvitti', '2016-06-15', 'dmcvitti', 'dmcvitti'),
(733, 'Fire Unit Field Work in NWT', '2016-06-14', '2016-07-28', 'ewhitman', 1, 'ewhitman', '2016-08-03', 'ewhitman', 'ewhitman'),
(736, 'IO Mounding', '2016-07-11', '2016-08-08', 'rkrygier', 1, 'rkrygier', '2016-08-10', 'rkrygier', 'rkrygier'),
(737, 'Tomm - CIPHA', '2016-07-12', '2016-07-29', 'btomm', 1, 'btomm', '2016-07-28', 'btomm', 'btomm'),
(741, 'Imperiial OIl Rake Pickup', '2016-08-10', '2016-09-04', 'rkrygier', 1, 'rkrygier', '2016-09-08', 'rkrygier', 'rkrygier'),
(745, 'equipment moving', '2016-09-12', '2016-09-24', 'mblank', 1, 'mblank', '2016-09-26', 'mblank', 'mblank'),
(746, 'Sat phone', '2016-09-19', '2016-09-26', 'skull', 1, 'skull', '2016-09-26', 'skull', 'skull'),
(750, 'Sat phone', '2016-09-29', '2016-10-10', 'skull', 1, 'skull', '2016-10-11', 'skull', 'skull'),
(751, 'Satphone Mihai', '2016-10-14', '2016-11-03', 'skull', 1, 'skull', '2016-11-04', 'skull', 'skull'),
(752, 'SatPhoneKull', '2016-10-18', '2016-10-24', 'skull', 1, 'skull', '2016-10-24', 'skull', 'skull'),
(758, 'equipment transport', '2016-12-16', '2016-12-23', 'mblank', 1, 'mblank', '2017-01-09', 'mblank', 'mblank'),
(760, 'Projector NEC 1', '2017-02-20', '2017-02-24', 'tramsfie', 1, 'tramsfie', '2017-02-27', 'tramsfie', 'tramsfie'),
(765, 'equipment transport', '2017-01-19', '2017-01-24', 'mblank', 1, 'mblank', '2017-01-23', 'mblank', 'mblank'),
(766, 'Projector for Moira for Science Forum', '2017-02-06', '2017-02-09', 'morankin', 1, 'bwong', '2017-02-10', 'morankin', 'bwong'),
(777, 'UAV work', '2017-04-10', '2017-08-28', 'mgartrel', 1, 'mgartrel', '2017-08-28', 'mgartrel', 'mgartrel'),
(780, 'Errington', '2017-04-21', '2017-05-02', 'rerringt', 1, 'rerringt', '2017-05-04', 'rerringt', 'rerringt'),
(782, 'ATV Training', '2017-05-04', '2017-05-06', 'btomm', 1, 'btomm', '2017-05-08', 'btomm', 'btomm'),
(783, 'Laptop for Kelvin\'s party', '2017-05-03', '2017-05-06', 'morankin', 1, 'morankin', '2017-05-08', 'morankin', 'morankin'),
(786, 'Pinzon', '2017-05-12', '2017-05-26', 'jpinzon', 1, 'mgartrel', '2017-05-25', 'jpinzon', 'mgartrel'),
(787, 'Steph and Ryan', '2017-05-09', '2017-09-02', 'jdweber', 1, 'jdweber', '2017-09-06', 'jdweber', 'jdweber'),
(788, 'Jimbo jones', '2017-05-18', '2017-06-01', 'jdweber', 1, 'jdweber', '2017-06-01', 'jdweber', 'jdweber'),
(791, 'Pelican Mountain Prescribed burn', '2017-05-29', '2017-06-03', 'danthomp', 1, 'danthomp', '2017-06-06', 'danthomp', 'danthomp'),
(792, 'Pinzon', '2017-06-08', '2017-06-17', 'jpinzon', 1, 'jpinzon', '2017-06-22', 'jpinzon', 'jpinzon'),
(794, 'NWT fieldwork', '2017-06-09', '2017-06-30', 'danthomp', 1, 'danthomp', '2017-07-07', 'danthomp', 'danthomp'),
(795, 'Kluane field trip', '2017-06-19', '2017-07-05', 'gpohl', 1, 'gpohl', '2017-07-05', 'gpohl', 'gpohl'),
(796, 'Hammond-Hoffman-EIP', '2017-06-23', '2017-08-04', 'jhammond', 1, 'jhammond', '2017-08-03', 'jhammond', 'jhammond'),
(797, 'RE - NWT', '2017-06-23', '2017-08-29', 'rerringt', 1, 'rerringt', '2017-08-29', 'rerringt', 'rerringt'),
(798, 'Pinzon', '2017-06-30', '2017-07-19', 'jpinzon', 1, 'jpinzon', '2017-07-19', 'jpinzon', 'jpinzon'),
(799, 'SAT phone 3 (Langor)', '2017-07-16', '2017-07-24', 'dlangor', 1, 'dlangor', '2017-07-26', 'dlangor', 'dlangor'),
(801, 'Langor', '2017-07-05', '2017-07-10', 'dlangor', 1, 'dlangor', '2017-07-10', 'dlangor', 'dlangor'),
(803, 'Pinzon', '2017-08-04', '2017-08-11', 'jpinzon', 1, 'jpinzon', '2017-08-11', 'jpinzon', 'jpinzon'),
(804, 'Pinzon', '2017-08-22', '2017-08-30', 'jpinzon', 1, 'jpinzon', '2017-08-30', 'jpinzon', 'jpinzon'),
(805, 'JF harvester transport', '2017-08-29', '2017-09-01', 'mblank', 1, 'mblank', '2017-08-31', 'mblank', 'mblank'),
(806, 'UAV Work', '2017-09-01', '2017-10-31', 'gcastill', 1, 'gcastill', '2017-11-01', 'mgartrel', 'gcastill'),
(807, 'Pinzon', '2017-09-12', '2017-09-20', 'jpinzon', 1, 'jelofson', '2017-09-20', 'jpinzon', 'jelofson'),
(808, 'NAFC equipment', '2017-09-15', '2017-09-27', 'cmcnalty', 1, 'cmcnalty', '2017-09-27', 'cmcnalty', 'cmcnalty'),
(811, 'equipment hauling', '2017-09-20', '2017-09-22', 'mblank', 1, 'mblank', '2017-09-21', 'mblank', 'mblank'),
(812, 'Phone', '2017-09-26', '2017-10-09', 'skull', 1, 'skull', '2017-10-10', 'skull', 'skull'),
(815, 'Calling Lake Remeasurement', '2017-10-17', '2017-10-28', 'jsalvail', 1, 'jsalvail', '2017-11-10', 'jsalvail', 'jsalvail'),
(820, 'Anna Telework', '2017-11-22', '2017-12-04', 'aweidner', 1, 'jelofson', '2018-01-30', 'aweidner', 'jelofson'),
(832, 'Skype for Brian Wiens', '2018-02-02', '2018-02-03', 'morankin', 1, 'morankin', '2018-02-05', 'morankin', 'morankin'),
(835, 'Projector NEC booking', '2018-02-23', '2018-02-27', 'thogg', 1, 'thogg', '2018-02-27', 'thogg', 'thogg'),
(837, 'Boreal Refugia worskhop', '2018-02-28', '2018-03-02', 'jasedwar', 1, 'jasedwar', '2018-03-06', 'jasedwar', 'jasedwar'),
(841, 'OttawaTrip+home work', '2018-03-09', '2018-03-22', 'jbeckers', 1, 'jbeckers', '2018-03-23', 'jbeckers', 'jbeckers'),
(846, 'Pinzon_SATphone5', '2018-05-22', '2018-05-29', 'jpinzon', 1, 'jpinzon', '2018-05-29', 'jpinzon', 'jpinzon'),
(849, 'Cathy Young- HP2', '2018-05-24', '2018-05-30', 'cayoung', 1, 'jelofson', '2018-05-31', 'cayoung', 'jelofson'),
(850, 'Shelly Boss', '2018-05-25', '2018-06-09', 'sboss', 1, 'sboss', '2018-06-11', 'sboss', 'sboss'),
(853, 'NWT Fieldwork', '2018-06-08', '2018-06-30', 'ewhitman', 1, 'jelofson', '2018-08-08', 'ewhitman', 'ewhitman'),
(854, 'NWT Fieldwork', '2018-07-09', '2018-08-01', 'ewhitman', 1, 'jelofson', '2018-08-08', 'ewhitman', 'ewhitman'),
(855, 'HP2 loaner', '2018-06-04', '2018-06-30', 'kokosun', 1, 'jelofson', '2018-08-08', 'kokosun', 'kokosun'),
(856, 'Pinzon', '2018-06-12', '2018-06-18', 'jpinzon', 1, 'jpinzon', '2018-06-18', 'jpinzon', 'jpinzon'),
(858, 'EIP Arthropod Collection: Trip 1', '2018-06-11', '2018-06-21', 'phhoffma', 1, 'jelofson', '2018-06-26', 'phhoffma', 'jelofson'),
(859, 'Laptop for seminar', '2018-06-12', '2018-06-13', 'serodrig', 1, 'serodrig', '2018-06-13', 'serodrig', 'serodrig'),
(860, 'NWT', '2018-06-29', '2018-08-23', 'rerringt', 1, 'jelofson', '2018-08-08', 'rerringt', 'rerringt'),
(861, 'EIP Mensuration', '2018-06-25', '2018-06-30', 'jhammond', 1, 'jhammond', '2018-07-02', 'jhammond', 'jhammond'),
(862, 'Seismic Lines After Fire', '2018-06-26', '2018-06-30', 'qbarber', 1, 'jelofson', '2018-08-08', 'qbarber', 'qbarber'),
(863, 'YT Tombstone field work', '2018-06-25', '2018-07-10', 'gpohl', 1, 'jelofson', '2018-08-08', 'gpohl', 'gpohl'),
(865, 'FFRI Testing in Dry Mixedwood', '2018-06-29', '2018-07-07', 'dhoffman', 1, 'jelofson', '2018-08-08', 'dhoffman', 'dhoffman'),
(866, 'Laptop for meeting', '2018-06-28', '2018-06-29', 'serodrig', 1, 'serodrig', '2018-06-29', 'serodrig', 'serodrig'),
(868, 'EIP Athropod Baseline', '2018-07-03', '2018-07-13', 'phhoffma', 1, 'jelofson', '2018-08-08', 'phhoffma', 'phhoffma'),
(869, 'laptopping', '2018-10-25', '2018-11-02', 'mgartrel', 1, 'mgartrel', '2018-11-02', 'mgartrel', 'mgartrel'),
(870, 'Los Alamos Trip ', '2018-12-13', '2018-12-25', 'gmarshal', 1, 'gmarshal', '2018-12-25', 'gmarshal', 'gmarshal'),
(871, 'Laptop for Andrew Z. for phone work', '2018-11-28', '2018-12-08', 'morankin', 1, 'morankin', '2018-12-10', 'morankin', 'morankin'),
(872, 'Laptop for candidate testing for LINDA TOY', '2018-11-28', '2018-11-30', 'lgillmor', 1, 'lgillmor', '2018-12-06', 'lgillmor', 'lgillmor'),
(873, 'BC PARF Conference', '2018-11-30', '2018-12-08', 'jbeckers', 1, 'jbeckers', '2018-12-10', 'jbeckers', 'jbeckers'),
(874, 'Phone demo/training', '2018-12-06', '2018-12-07', 'taardema', 1, 'taardema', '2018-12-10', 'taardema', 'taardema'),
(875, 'shelly boss', '2019-03-18', '2019-03-21', 'sboss', 1, 'jelofson', '2019-03-21', 'sboss', 'jelofson'),
(876, 'shelly boss', '2018-12-18', '2018-12-21', 'sboss', 1, 'sboss', '2018-12-21', 'sboss', 'sboss'),
(877, 'Sidders Remote', '2019-01-02', '2019-01-11', 'dsidders', 1, 'jelofson', '2019-01-16', 'dsidders', 'jelofson'),
(878, 'Sidders Remote', '2019-01-02', '2019-01-12', 'dsidders', 1, 'jelofson', '2019-01-16', 'dsidders', 'jelofson'),
(879, 'Meeting with GNWT', '2019-01-22', '2019-01-26', 'jbeckers', 1, 'jbeckers', '2019-01-29', 'jbeckers', 'jbeckers'),
(880, 'Surface for Andrew for phone work', '2019-01-09', '2019-01-10', 'morankin', 1, 'morankin', '2019-01-14', 'morankin', 'morankin'),
(882, 'Laptop for Andrew Z. for phone work', '2019-01-14', '2019-01-15', 'morankin', 1, 'morankin', '2019-01-18', 'morankin', 'morankin'),
(883, 'Laptop for Andrew Z for phone work', '2019-01-18', '2019-01-22', 'morankin', 1, 'morankin', '2019-01-23', 'morankin', 'morankin'),
(884, 'HP2', '2019-01-18', '2019-01-22', 'mmichael', 1, 'mmichael', '2019-01-22', 'mmichael', 'mmichael'),
(885, 'Surface Pro3', '2019-01-18', '2019-01-22', 'mmichael', 1, 'mmichael', '2019-01-22', 'mmichael', 'mmichael'),
(886, 'Laptop for Andrew Z. for phone work', '2019-01-25', '2019-01-26', 'morankin', 1, 'morankin', '2019-01-29', 'morankin', 'morankin'),
(887, 'mfiliatr surfacepro3', '2019-01-29', '2019-02-01', 'mfiliatr', 1, 'mfiliatr', '2019-02-06', 'mfiliatr', 'mfiliatr'),
(889, 'telework', '2019-01-31', '2019-02-02', 'hnenzen', 1, 'hnenzen', '2019-02-06', 'hnenzen', 'hnenzen'),
(890, 'mfiliatr HP2 - return Feb5', '2019-01-31', '2019-02-06', 'mfiliatr', 1, 'mfiliatr', '2019-02-05', 'mfiliatr', 'mfiliatr'),
(892, 'shelly boss', '2019-03-28', '2019-04-05', 'sboss', 1, 'sboss', '2019-04-05', 'sboss', 'sboss'),
(893, 'shelly boss', '2019-02-14', '2019-02-23', 'sboss', 1, 'sboss', '2019-02-22', 'sboss', 'sboss'),
(894, 'set up svn', '2019-02-06', '2019-02-07', 'hnenzen', 1, 'hnenzen', '2019-02-07', 'hnenzen', 'hnenzen'),
(895, 'set up svn', '2019-02-07', '2019-02-08', 'hnenzen', 1, 'hnenzen', '2019-02-07', 'hnenzen', 'hnenzen'),
(896, 'mfiliatr', '2019-02-28', '2019-03-09', 'mfiliatr', 1, 'mfiliatr', '2019-03-08', 'mfiliatr', 'mfiliatr'),
(897, 'Training Workshop', '2019-02-28', '2019-03-02', 'kcahoon', 1, 'kcahoon', '2019-03-01', 'kcahoon', 'kcahoon'),
(898, 'ECCC Fire risk meetings', '2019-02-08', '2019-02-14', 'jlittle', 1, 'jlittle', '2019-02-18', 'jlittle', 'jlittle'),
(899, 'mfiliatrault', '2019-02-13', '2019-02-15', 'mfiliatr', 1, 'mfiliatr', '2019-02-19', 'mfiliatr', 'mfiliatr'),
(900, 'Booking for Jason Holway', '2019-02-22', '2019-03-05', 'bwong', 1, 'jelofson', '2019-03-21', 'bwong', 'jelofson'),
(901, 'HP1', '2019-02-21', '2019-02-22', 'mmichael', 1, 'mmichael', '2019-02-22', 'mmichael', 'mmichael'),
(902, 'Lakeland College Visit', '2019-02-27', '2019-02-28', 'ddarwent', 1, 'ddarwent', '2019-02-28', 'ddarwent', 'ddarwent'),
(903, 'J Stewart travel', '2019-03-05', '2019-03-13', 'jstewart', 1, 'jstewart', '2019-03-13', 'jstewart', 'jstewart'),
(904, 'shelly boss', '2019-03-09', '2019-03-19', 'sboss', 1, 'jelofson', '2019-03-21', 'sboss', 'jelofson'),
(905, 'Sylvia ', '2019-03-20', '2019-03-23', 'sywong', 1, 'sywong', '2019-03-26', 'sywong', 'sywong'),
(906, 'Sylvia - PRODOG workshop', '2019-03-14', '2019-03-15', 'sywong', 1, 'sywong', '2019-03-15', 'sywong', 'sywong'),
(907, 'Sylvia ', '2019-03-12', '2019-03-13', 'sywong', 1, 'sywong', '2019-03-14', 'sywong', 'sywong'),
(908, 'Sidders Tandberg', '2019-03-19', '2019-03-21', 'dsidders', 1, 'jelofson', '2019-03-21', 'dsidders', 'jelofson'),
(909, 'hp1 telework', '2019-03-25', '2019-03-28', 'hnenzen', 1, 'hnenzen', '2019-03-28', 'hnenzen', 'hnenzen'),
(910, 'ATV Training - SGB borrow', '2019-03-25', '2019-03-27', 'btomm', 1, 'btomm', '2019-03-27', 'btomm', 'btomm'),
(912, 'hp1 telework', '2019-03-29', '2019-04-02', 'hnenzen', 1, 'hnenzen', '2019-04-02', 'hnenzen', 'hnenzen'),
(914, 'mfiliatr HP2', '2019-04-16', '2019-04-19', 'mfiliatr', 1, 'mfiliatr', '2019-04-18', 'mfiliatr', 'mfiliatr'),
(915, 'Two laptops for testing.  No internet connection.', '2019-04-25', '2019-04-26', 'ltoy', 1, 'ssafeer', '2019-04-29', 'ltoy', 'ssafeer'),
(917, 'Data download in greenhouse', '2019-04-26', '2020-04-25', 'ddegenha', 1, 'ddegenha', '2020-04-27', 'ddegenha', 'ddegenha'),
(918, 'Jason Edwards', '2019-05-02', '2019-05-07', 'jasedwar', 1, 'jasedwar', '2019-05-13', 'jasedwar', 'jasedwar'),
(919, 'Jason Edwards', '2019-05-08', '2019-05-11', 'jasedwar', 1, 'jasedwar', '2019-05-13', 'jasedwar', 'jasedwar'),
(920, 'Pelican Mountain LIDAR Scanning', '2019-05-11', '2019-05-21', 'jzerb', 1, 'ssafeer', '2019-05-23', 'jzerb', 'ssafeer'),
(921, 'sat phone', '2019-05-07', '2019-05-09', 'gcastill', 1, 'gcastill', '2019-05-10', 'gcastill', 'gcastill'),
(922, 'NWT WBNP Fieldwork Crew 1', '2019-06-07', '2019-06-25', 'ewhitman', 1, 'jelofson', '2019-06-25', 'ewhitman', 'jelofson'),
(923, 'NWT WBNP Fieldwork Crew 2', '2019-06-07', '2019-06-25', 'ewhitman', 1, 'jelofson', '2019-06-25', 'ewhitman', 'jelofson'),
(924, 'NWT Transect Fieldwork Crew 1', '2019-07-23', '2019-08-27', 'ewhitman', 1, 'ewhitman', '2019-08-26', 'ewhitman', 'ewhitman'),
(925, 'NWT Transect Fieldwork Crew 2', '2019-07-23', '2019-09-03', 'ewhitman', 1, 'ewhitman', '2019-09-03', 'ewhitman', 'ewhitman'),
(926, 'Pinzon', '2019-05-13', '2019-05-27', 'jpinzon', 1, 'jpinzon', '2019-05-27', 'jpinzon', 'jpinzon'),
(927, 'Pelican Mountain LIDAR Scanning', '2019-05-10', '2019-05-18', 'jzerb', 1, 'jzerb', '2019-05-24', 'jzerb', 'jzerb'),
(928, 'Edwards', '2019-06-03', '2019-07-03', 'jasedwar', 1, 'jasedwar', '2019-07-03', 'jasedwar', 'jasedwar'),
(929, ' Recruitment of woody materials to enhance the restoration of linear features in caribou habitat', '2019-05-31', '2019-06-04', 'phhoffma', 1, 'phhoffma', '2019-06-04', 'phhoffma', 'phhoffma'),
(930, 'Pinzon', '2019-06-05', '2019-06-10', 'jpinzon', 1, 'jpinzon', '2019-06-10', 'jpinzon', 'jpinzon'),
(931, 'laptopping', '2019-06-03', '2019-06-07', 'mgartrel', 1, 'ssafeer', '2019-06-11', 'mgartrel', 'ssafeer'),
(932, 'HP1', '2019-06-10', '2019-06-12', 'mmichael', 1, 'ssafeer', '2019-06-11', 'mmichael', 'ssafeer'),
(933, 'Anna', '2019-06-12', '2019-06-20', 'aweidner', 1, 'ssafeer', '2019-06-28', 'aweidner', 'ssafeer'),
(934, 'CPG - Blank', '2019-06-18', '2019-06-21', 'mblank', 1, 'mblank', '2019-06-24', 'mblank', 'mblank'),
(935, 'Anna', '2019-06-20', '2019-06-25', 'aweidner', 1, 'ssafeer', '2019-06-28', 'aweidner', 'ssafeer'),
(936, 'CLAWR Linear Restoration', '2019-06-28', '2019-07-02', 'phhoffma', 1, 'phhoffma', '2019-07-04', 'phhoffma', 'phhoffma'),
(937, 'Anna', '2019-06-25', '2019-06-28', 'aweidner', 1, 'ssafeer', '2019-06-28', 'aweidner', 'ssafeer'),
(938, 'Jason Edwards HP2', '2019-07-03', '2019-07-13', 'jasedwar', 1, 'ssafeer', '2019-07-12', 'jasedwar', 'ssafeer'),
(939, 'CPG - Blank', '2019-07-05', '2019-07-06', 'mblank', 1, 'mblank', '2019-07-09', 'mblank', 'mblank'),
(940, 'Sat Phone1', '2019-07-08', '2019-07-16', 'mmichael', 1, 'mmichael', '2019-07-17', 'mmichael', 'mmichael'),
(941, 'ArcGIS license1', '2019-07-08', '2019-07-18', 'mmichael', 1, 'mmichael', '2019-07-18', 'mmichael', 'mmichael'),
(942, 'Ginny Marshall NWT', '2019-07-12', '2019-07-30', 'gmarshal', 1, 'gmarshal', '2019-07-30', 'gmarshal', 'gmarshal'),
(943, 'sat phone 3, NWT field work', '2019-08-12', '2019-08-24', 'gcastill', 1, 'gcastill', '2019-08-26', 'gcastill', 'gcastill'),
(944, 'Jared', '2019-07-22', '2019-08-10', 'jsalvail', 1, 'jsalvail', '2019-08-12', 'mkeryliu', 'jsalvail'),
(945, 'Dabros', '2019-08-05', '2019-08-10', 'jpinzon', 1, 'jpinzon', '2019-08-19', 'jpinzon', 'jpinzon'),
(946, 'Sidders Remote', '2019-08-01', '2019-08-15', 'dsidders', 1, 'ssafeer', '2019-09-11', 'dsidders', 'ssafeer'),
(947, 'SINEWS Tammy and Amanda', '2019-08-06', '2019-08-11', 'cmcnalty', 1, 'cmcnalty', '2019-08-16', 'cmcnalty', 'cmcnalty'),
(948, 'SINEWS Andrea and Britni', '2019-08-06', '2019-08-14', 'cmcnalty', 1, 'cmcnalty', '2019-08-14', 'cmcnalty', 'cmcnalty'),
(950, 'IFIT Carbon content Peace River', '2019-08-12', '2019-08-17', 'jsalvail', 1, 'jsalvail', '2019-08-19', 'jsalvail', 'jsalvail'),
(951, 'IFIT Carbon content Peace River', '2019-08-12', '2019-08-17', 'jsalvail', 1, 'jsalvail', '2019-08-19', 'jsalvail', 'jsalvail'),
(952, 'Sat Phone 4', '2019-08-12', '2019-08-13', 'mmichael', 1, 'mmichael', '2019-08-12', 'mmichael', 'mmichael'),
(954, 'Sat Phone 6', '2019-08-14', '2019-08-23', 'mmichael', 1, 'mmichael', '2019-08-23', 'mmichael', 'mmichael'),
(955, 'IFIT Carbon content', '2019-08-19', '2019-08-31', 'jsalvail', 1, 'jsalvail', '2019-09-03', 'jsalvail', 'jsalvail'),
(956, 'IFIT Carbon content', '2019-08-26', '2019-08-31', 'jsalvail', 1, 'jsalvail', '2019-09-03', 'jsalvail', 'jsalvail'),
(957, 'IFIT Carbon content', '2019-08-26', '2019-08-31', 'jsalvail', 1, 'jsalvail', '2019-09-03', 'jsalvail', 'jsalvail'),
(958, 'IFIT Carbon content', '2019-07-26', '2019-07-31', 'jsalvail', 1, 'jelofson', '2019-09-09', 'jsalvail', 'jelofson'),
(959, 'IFIT Carbon content', '2019-08-26', '2019-08-31', 'jsalvail', 1, 'jsalvail', '2019-09-03', 'jsalvail', 'jsalvail'),
(960, 'Sinews', '2019-08-22', '2019-08-27', 'cmcnalty', 1, 'cmcnalty', '2019-08-26', 'ssafeer', 'cmcnalty'),
(961, 'Sinews', '2019-08-22', '2019-08-27', 'cmcnalty', 1, 'cmcnalty', '2019-08-26', 'ssafeer', 'cmcnalty'),
(962, 'CLAWRAug30', '2019-08-30', '2019-09-04', 'jehudson', 1, 'jehudson', '2019-09-04', 'jehudson', 'jehudson'),
(963, 'Sb Provenance', '2019-09-16', '2019-09-21', 'jsalvail', 1, 'jsalvail', '2019-09-24', 'jsalvail', 'jsalvail'),
(964, 'Sb Provenance', '2019-09-16', '2019-09-21', 'jsalvail', 1, 'jsalvail', '2019-09-23', 'jsalvail', 'jsalvail'),
(965, 'Sb Provenance', '2019-09-16', '2019-09-21', 'jsalvail', 1, 'jsalvail', '2019-09-23', 'jsalvail', 'jsalvail'),
(966, 'Sb Provenance', '2019-09-16', '2019-09-21', 'jsalvail', 1, 'jsalvail', '2019-09-23', 'jsalvail', 'jsalvail'),
(967, 'CGP equipment move', '2019-09-06', '2019-09-10', 'mblank', 1, 'jelofson', '2019-09-10', 'mblank', 'jelofson'),
(968, 'CPG - Blank', '2019-09-06', '2019-10-24', 'mblank', 1, 'mblank', '2019-10-23', 'mblank', 'mblank'),
(969, 'HP1', '2019-10-07', '2019-10-08', 'rskakun', 1, 'ssafeer', '2019-10-09', 'rskakun', 'ssafeer'),
(970, 'HP2', '2019-10-07', '2019-10-08', 'rskakun', 1, 'ssafeer', '2019-10-09', 'rskakun', 'ssafeer'),
(971, 'Working from home', '2019-09-06', '2019-09-20', 'jjanjua', 1, 'jjanjua', '2019-09-23', 'ssafeer', 'jjanjua'),
(972, 'CPG - Blank', '2019-09-16', '2019-09-17', 'mblank', 1, 'mblank', '2019-09-17', 'mblank', 'mblank'),
(973, 'CPG - Blank', '2019-09-17', '2019-09-20', 'mblank', 1, 'mblank', '2019-09-24', 'mblank', 'mblank'),
(974, 'Nec2 projector', '2019-09-18', '2019-09-19', 'ssankey', 1, 'ssankey', '2019-09-23', 'ssankey', 'ssankey'),
(975, 'Sat Phone1', '2019-09-17', '2019-10-02', 'mmichael', 1, 'mmichael', '2019-10-02', 'mmichael', 'mmichael'),
(976, 'NWT SMT biomass project', '2019-09-23', '2019-10-08', 'mivoicu', 1, 'mivoicu', '2019-10-08', 'mivoicu', 'mivoicu'),
(977, 'Ray Darwent - Our Fabulous Forests', '2019-09-27', '2019-09-30', 'ddarwent', 1, 'ddarwent', '2019-09-30', 'ddarwent', 'ddarwent'),
(978, 'Fabulous Forests - Fire', '2019-09-27', '2019-10-01', 'dmcvitti', 1, 'dmcvitti', '2019-09-30', 'dmcvitti', 'dmcvitti'),
(979, 'Sat Phone1', '2019-10-06', '2019-10-12', 'mmichael', 1, 'mmichael', '2019-10-11', 'mmichael', 'mmichael'),
(980, 'David Price Retirement Presentation', '2019-10-03', '2019-10-04', 'jumoriss', 1, 'ssafeer', '2019-10-09', 'ssafeer', 'ssafeer'),
(981, 'HP 1', '2019-10-10', '2019-10-11', 'thook', 1, 'thook', '2019-10-10', 'thook', 'thook');
INSERT INTO `booking` (`id`, `title`, `date_start`, `date_end`, `userid`, `returned`, `returned_by`, `returned_date`, `created_by`, `updated_by`) VALUES
(982, 'HP2', '2019-10-10', '2019-11-08', 'thook', 1, 'thook', '2019-11-08', 'thook', 'thook'),
(983, 'Sylvia Wong ', '2019-10-31', '2019-11-09', 'sywong', 1, 'sywong', '2019-11-08', 'sywong', 'sywong'),
(984, 'HP2', '2019-11-08', '2019-12-04', 'thook', 1, 'thook', '2019-12-03', 'thook', 'thook'),
(985, 'Dionne Working From Home', '2019-11-22', '2019-12-22', 'ssafeer', 1, 'ssafeer', '2020-01-21', 'ssafeer', 'ssafeer'),
(987, 'Training & Travelling', '2020-02-01', '2020-02-14', 'emathieu', 1, 'emathieu', '2020-02-18', 'emathieu', 'emathieu'),
(988, 'Laptop for instructing at Hinton Environmental Training Centre (Wildlfire Fire Behaviour Specialist ', '2020-01-30', '2020-02-06', 'rcarr', 1, 'rcarr', '2020-02-07', 'rcarr', 'rcarr'),
(989, 'Anna Weidner', '2020-02-07', '2020-02-12', 'aweidner', 1, 'ssafeer', '2020-02-13', 'aweidner', 'ssafeer'),
(990, 'Bryana MSGC Engagement ', '2020-02-24', '2020-02-27', 'brrousse', 1, 'brrousse', '2020-02-28', 'brrousse', 'brrousse'),
(991, 'Bryana Trip to Yellowknife', '2020-03-03', '2020-03-07', 'brrousse', 1, 'brrousse', '2020-03-09', 'brrousse', 'brrousse'),
(992, 'Test by Jon', '2020-02-26', '2020-02-27', 'jelofson', 1, 'jelofson', '2020-03-03', 'jelofson', 'jelofson'),
(993, 'Bryana Trip to Yellowknife', '2020-03-02', '2020-03-03', 'brrousse', 1, 'brrousse', '2020-03-04', 'brrousse', 'brrousse'),
(994, 'Bryana ', '2020-03-09', '2020-03-11', 'brrousse', 1, 'jelofson', '2020-03-25', 'brrousse', 'jelofson'),
(995, 'Richardson Winter Field Trip: Linear feature restoration & functional caribou habitat', '2020-03-16', '2020-08-18', 'ccastill', 1, 'ccastill', '2020-08-17', 'ccastill', 'ccastill'),
(1001, 'EMEND2 - HARVEY', '2020-08-14', '2020-08-26', 'jiharvey', 1, 'jiharvey', '2020-08-25', 'jiharvey', 'jiharvey'),
(1002, 'Tree regeneration on seismic line and cutblocks near Manning, AB', '2020-07-22', '2020-08-07', 'carjones', 1, 'carjones', '2020-08-07', 'carjones', 'carjones'),
(1003, 'GLFC Plant Trait Field Work', '2020-07-29', '2020-08-08', 'cmcnalty', 1, 'cmcnalty', '2020-08-11', 'cmcnalty', 'cmcnalty'),
(1004, 'High Level - Fire Group', '2020-08-07', '2020-08-25', 'ewhitman', 1, 'ewhitman', '2020-08-25', 'ewhitman', 'ewhitman'),
(1005, 'Tree regeneration on seismic line and cutblocks near Manning, AB', '2020-08-26', '2020-09-03', 'carjones', 1, 'carjones', '2020-09-02', 'carjones', 'carjones'),
(1007, 'Tree regeneration on seismic line and cutblocks near Manning, AB', '2020-09-03', '2020-09-18', 'carjones', 1, 'carjones', '2020-09-17', 'carjones', 'carjones'),
(1008, 'Tree regeneration on seismic line and cutblocks near Manning, AB', '2020-08-20', '2020-09-03', 'carjones', 1, 'carjones', '2020-09-02', 'carjones', 'carjones'),
(1015, 'GC PeaceRiver', '2020-08-24', '2020-08-29', 'mgartrel', 1, 'mgartrel', '2020-08-31', 'mgartrel', 'mgartrel'),
(1016, 'EMEND2', '2020-09-19', '2020-10-02', 'jiharvey', 1, 'jiharvey', '2020-10-02', 'jiharvey', 'jiharvey'),
(1017, 'Tomm - CIPHA', '2020-09-03', '2020-09-22', 'btomm', 1, 'btomm', '2020-09-22', 'btomm', 'btomm'),
(1018, 'EMEND Field Work September 21-30 2020', '2020-09-16', '2020-10-01', 'cmcnalty', 1, 'cmcnalty', '2020-10-01', 'cmcnalty', 'cmcnalty'),
(1019, 'McNalty ', '2020-09-17', '2020-09-18', 'cmcnalty', 1, 'cmcnalty', '2020-09-21', 'cmcnalty', 'cmcnalty'),
(1020, 'McNalty ', '2020-09-17', '2020-09-18', 'cmcnalty', 1, 'cmcnalty', '2020-09-21', 'cmcnalty', 'cmcnalty'),
(1022, 'McNalty ', '2020-09-17', '2020-09-19', 'cmcnalty', 1, 'cmcnalty', '2020-09-21', 'cmcnalty', 'cmcnalty'),
(1023, 'Edge Effects at Imperial Oil Cold Lake', '2020-09-28', '2020-10-03', 'phhoffma', 1, 'phhoffma', '2020-10-02', 'phhoffma', 'phhoffma'),
(1024, 'Tree regeneration on seismic line and cutblocks near Manning, AB', '2020-10-13', '2020-10-22', 'carjones', 1, 'carjones', '2020-10-21', 'carjones', 'carjones'),
(1025, 'Sat Phone #2', '2020-10-04', '2020-10-11', 'mmichael', 1, 'mmichael', '2020-10-13', 'mmichael', 'mmichael'),
(1026, 'Tomm - ATV Servicing', '2020-11-05', '2020-12-05', 'btomm', 1, 'btomm', '2020-12-04', 'btomm', 'btomm'),
(1031, 'test', '2021-02-26', '2021-02-28', 'jelofson', 1, 'jelofson', '2021-04-20', 'jelofson', 'jelofson'),
(1037, 'yada yada', '2021-03-05', '2021-03-09', 'jelofson', 1, 'jelofson', '2021-04-20', 'jelofson', 'jelofson'),
(1039, 'test border res', '2021-03-16', '2021-03-17', 'jelofson', 1, 'jelofson', '2021-03-09', 'jelofson', 'jelofson'),
(1041, 'Test booking', '2021-04-20', '2021-04-23', 'jelofson', 1, 'jelofson', '2021-04-26', 'jelofson', 'jelofson'),
(1042, 'rerwq', '2021-04-20', '2021-04-22', 'jelofson', 1, 'jelofson', '2021-04-20', 'jelofson', 'jelofson'),
(1043, 'foobar', '2021-04-21', '2021-04-22', 'jelofson', 1, 'jelofson', '2021-04-26', 'jelofson', 'jelofson'),
(1044, 'test', '2021-04-22', '2021-04-23', 'jelofson', 1, 'jelofson', '2021-04-26', 'jelofson', 'jelofson'),
(1045, 'asdfasdf', '2021-04-22', '2021-04-23', 'jelofson', 1, 'jelofson', '2021-04-26', 'jelofson', 'jelofson'),
(1061, 'kangaroo', '2021-07-23', '2021-07-26', 'jelofson', 1, 'jelofson', '2021-07-26', 'jelofson', 'jelofson'),
(1062, 'hhh', '2021-07-19', '2021-07-20', 'jelofson', 1, 'jelofson', '2021-07-27', 'jelofson', 'jelofson'),
(1063, 'jjjj', '2021-07-27', '2021-07-28', 'jelofson', 1, 'jelofson', '2021-07-27', 'jelofson', 'jelofson');

-- --------------------------------------------------------

--
-- Table structure for table `booking_resource`
--

CREATE TABLE `booking_resource` (
  `id` int UNSIGNED NOT NULL,
  `booking_id` int UNSIGNED NOT NULL,
  `resource_id` int UNSIGNED NOT NULL
) ENGINE=InnoDB DEFAULT CHARSET=utf8mb3;

--
-- Dumping data for table `booking_resource`
--

INSERT INTO `booking_resource` (`id`, `booking_id`, `resource_id`) VALUES
(32, 9, 8),
(55, 15, 39),
(92, 37, 8),
(94, 39, 11),
(96, 41, 23),
(97, 41, 24),
(98, 41, 32),
(99, 41, 33),
(100, 41, 38),
(101, 41, 51),
(102, 41, 52),
(103, 41, 53),
(104, 41, 54),
(105, 42, 23),
(106, 42, 24),
(107, 42, 32),
(108, 42, 33),
(109, 42, 38),
(110, 42, 51),
(111, 42, 52),
(112, 42, 53),
(113, 42, 54),
(123, 49, 8),
(124, 50, 32),
(125, 50, 33),
(126, 50, 38),
(127, 51, 32),
(128, 51, 33),
(129, 51, 38),
(133, 55, 8),
(137, 59, 8),
(142, 64, 39),
(149, 70, 53),
(151, 72, 39),
(153, 74, 12),
(155, 76, 53),
(157, 78, 18),
(158, 79, 13),
(162, 83, 4),
(163, 84, 36),
(166, 87, 39),
(167, 88, 8),
(169, 90, 12),
(191, 109, 11),
(197, 114, 39),
(200, 117, 32),
(201, 117, 33),
(202, 118, 53),
(205, 121, 39),
(210, 123, 39),
(230, 143, 8),
(239, 152, 39),
(250, 163, 39),
(253, 166, 39),
(257, 170, 39),
(273, 186, 39),
(281, 194, 56),
(284, 197, 56),
(286, 199, 39),
(288, 201, 56),
(290, 203, 39),
(292, 205, 8),
(299, 212, 56),
(300, 213, 56),
(303, 216, 4),
(304, 216, 23),
(305, 216, 24),
(306, 216, 29),
(307, 216, 32),
(308, 216, 33),
(309, 216, 38),
(312, 216, 51),
(313, 216, 52),
(310, 216, 53),
(311, 216, 54),
(314, 217, 32),
(315, 217, 33),
(316, 217, 38),
(317, 218, 4),
(399, 218, 11),
(401, 218, 12),
(402, 218, 13),
(318, 218, 23),
(319, 218, 24),
(320, 218, 29),
(321, 218, 32),
(322, 218, 33),
(323, 218, 38),
(324, 218, 51),
(325, 218, 52),
(326, 218, 53),
(327, 218, 54),
(335, 226, 39),
(336, 227, 35),
(337, 228, 56),
(340, 230, 39),
(341, 231, 39),
(347, 237, 35),
(350, 240, 32),
(351, 241, 53),
(353, 243, 32),
(354, 243, 53),
(355, 244, 53),
(357, 246, 39),
(358, 247, 56),
(362, 249, 4),
(360, 249, 23),
(363, 250, 8),
(364, 251, 35),
(365, 252, 56),
(366, 253, 32),
(367, 253, 54),
(368, 254, 52),
(369, 255, 54),
(371, 256, 23),
(374, 256, 33),
(375, 258, 32),
(376, 258, 54),
(377, 259, 39),
(378, 260, 56),
(379, 261, 52),
(380, 262, 32),
(381, 262, 54),
(382, 263, 32),
(383, 263, 54),
(384, 264, 52),
(387, 267, 32),
(388, 267, 54),
(389, 268, 8),
(395, 271, 32),
(396, 271, 54),
(397, 272, 38),
(400, 274, 8),
(404, 276, 35),
(405, 277, 54),
(411, 283, 54),
(416, 288, 39),
(417, 289, 39),
(419, 291, 39),
(428, 299, 56),
(429, 300, 56),
(430, 301, 39),
(433, 303, 56),
(435, 305, 39),
(438, 308, 56),
(440, 310, 54),
(441, 311, 39),
(442, 312, 39),
(443, 313, 56),
(449, 317, 39),
(450, 318, 56),
(454, 321, 8),
(456, 322, 51),
(457, 323, 33),
(458, 323, 53),
(459, 324, 8),
(462, 327, 33),
(463, 327, 53),
(464, 328, 8),
(465, 329, 54),
(469, 330, 51),
(470, 330, 52),
(471, 330, 54),
(472, 331, 54),
(473, 332, 8),
(475, 334, 39),
(479, 338, 33),
(480, 338, 53),
(481, 339, 39),
(482, 340, 8),
(483, 341, 11),
(487, 345, 39),
(488, 346, 58),
(489, 347, 54),
(490, 348, 54),
(491, 348, 58),
(492, 348, 59),
(496, 350, 8),
(497, 351, 8),
(502, 356, 58),
(505, 357, 54),
(506, 357, 58),
(511, 361, 8),
(512, 362, 56),
(513, 363, 54),
(514, 363, 58),
(517, 364, 54),
(515, 364, 58),
(516, 364, 59),
(519, 366, 11),
(521, 368, 4),
(522, 368, 29),
(523, 369, 54),
(524, 370, 54),
(527, 373, 39),
(528, 374, 8),
(533, 375, 11),
(530, 376, 54),
(539, 377, 58),
(540, 377, 59),
(536, 380, 8),
(542, 384, 8),
(545, 387, 29),
(546, 387, 32),
(547, 387, 33),
(548, 387, 38),
(552, 387, 58),
(553, 387, 59),
(554, 387, 60),
(555, 388, 56),
(557, 390, 39),
(558, 391, 39),
(561, 394, 51),
(562, 394, 52),
(563, 394, 54),
(564, 395, 8),
(565, 396, 39),
(571, 401, 56),
(572, 402, 8),
(582, 409, 39),
(585, 412, 39),
(598, 422, 51),
(599, 422, 52),
(642, 422, 58),
(600, 422, 60),
(602, 424, 29),
(605, 424, 51),
(606, 424, 52),
(621, 424, 58),
(610, 424, 60),
(611, 425, 54),
(615, 429, 60),
(619, 431, 54),
(620, 432, 60),
(622, 433, 59),
(624, 435, 8),
(625, 436, 11),
(626, 437, 12),
(627, 438, 14),
(629, 440, 13),
(632, 441, 12),
(634, 443, 11),
(635, 444, 56),
(636, 445, 60),
(637, 446, 18),
(639, 448, 18),
(641, 450, 11),
(643, 451, 8),
(644, 452, 54),
(645, 453, 59),
(647, 454, 18),
(649, 456, 51),
(650, 457, 52),
(651, 458, 53),
(654, 461, 39),
(655, 462, 18),
(656, 463, 53),
(663, 469, 39),
(664, 470, 39),
(673, 477, 8),
(674, 477, 12),
(672, 477, 18),
(676, 479, 39),
(680, 480, 53),
(677, 480, 59),
(683, 484, 60),
(701, 502, 54),
(709, 509, 39),
(710, 510, 18),
(711, 510, 52),
(713, 510, 54),
(712, 510, 58),
(717, 512, 8),
(723, 517, 38),
(724, 518, 38),
(725, 519, 54),
(728, 522, 8),
(729, 522, 32),
(730, 522, 33),
(736, 522, 53),
(732, 523, 8),
(733, 523, 32),
(734, 523, 33),
(737, 523, 53),
(743, 529, 29),
(744, 529, 32),
(745, 529, 33),
(755, 529, 51),
(757, 529, 52),
(759, 529, 53),
(758, 529, 58),
(746, 529, 60),
(747, 530, 29),
(748, 530, 32),
(749, 530, 33),
(756, 530, 51),
(750, 530, 60),
(751, 531, 32),
(752, 531, 33),
(770, 531, 51),
(771, 531, 60),
(760, 533, 53),
(766, 537, 52),
(767, 538, 58),
(768, 539, 54),
(769, 540, 53),
(772, 541, 39),
(775, 544, 32),
(776, 544, 54),
(777, 545, 32),
(778, 545, 54),
(779, 546, 11),
(782, 549, 13),
(786, 552, 18),
(787, 553, 39),
(788, 554, 52),
(789, 555, 58),
(790, 556, 53),
(791, 557, 13),
(794, 559, 8),
(795, 560, 56),
(796, 561, 11),
(798, 563, 12),
(802, 566, 56),
(804, 568, 52),
(812, 575, 60),
(814, 577, 60),
(817, 580, 51),
(818, 580, 52),
(819, 580, 54),
(822, 583, 56),
(828, 587, 60),
(829, 588, 52),
(830, 589, 58),
(832, 591, 39),
(839, 595, 8),
(841, 597, 39),
(842, 598, 39),
(848, 602, 52),
(849, 603, 58),
(850, 604, 54),
(851, 605, 52),
(852, 606, 58),
(853, 607, 54),
(856, 610, 53),
(870, 623, 53),
(871, 623, 54),
(872, 623, 60),
(886, 636, 56),
(940, 654, 8),
(905, 654, 11),
(906, 655, 29),
(907, 655, 32),
(912, 655, 38),
(908, 655, 51),
(909, 655, 52),
(913, 655, 53),
(910, 655, 58),
(911, 655, 59),
(914, 655, 60),
(915, 656, 60),
(919, 659, 39),
(921, 661, 56),
(926, 665, 52),
(927, 665, 58),
(930, 668, 39),
(931, 669, 39),
(935, 672, 13),
(937, 673, 14),
(938, 674, 13),
(939, 675, 52),
(941, 676, 56),
(943, 677, 51),
(944, 677, 58),
(945, 677, 59),
(946, 677, 60),
(948, 679, 13),
(951, 681, 53),
(952, 682, 32),
(953, 683, 29),
(954, 684, 56),
(955, 685, 68),
(957, 687, 13),
(961, 691, 39),
(962, 692, 56),
(963, 693, 13),
(964, 694, 39),
(965, 695, 13),
(966, 696, 52),
(967, 696, 58),
(968, 697, 51),
(969, 698, 59),
(970, 699, 53),
(973, 702, 59),
(975, 704, 8),
(977, 706, 11),
(1009, 730, 39),
(1011, 732, 68),
(1012, 733, 8),
(1013, 733, 11),
(1024, 736, 60),
(1025, 737, 14),
(1030, 741, 60),
(1034, 745, 60),
(1035, 746, 8),
(1039, 750, 8),
(1040, 751, 8),
(1041, 752, 11),
(1047, 758, 60),
(1049, 760, 39),
(1054, 765, 60),
(1055, 766, 39),
(1066, 777, 14),
(1069, 780, 8),
(1071, 782, 29),
(1072, 782, 32),
(1073, 782, 51),
(1074, 782, 52),
(1077, 782, 53),
(1075, 782, 58),
(1076, 782, 59),
(1078, 782, 60),
(1080, 783, 39),
(1084, 786, 13),
(1085, 787, 58),
(1086, 787, 59),
(1087, 788, 51),
(1090, 791, 13),
(1091, 792, 13),
(1093, 794, 12),
(1094, 795, 11),
(1095, 796, 13),
(1096, 797, 8),
(1097, 798, 12),
(1098, 799, 11),
(1100, 801, 11),
(1102, 803, 12),
(1103, 804, 12),
(1104, 805, 60),
(1105, 806, 14),
(1106, 807, 12),
(1107, 808, 39),
(1110, 811, 60),
(1112, 812, 8),
(1115, 815, 8),
(1120, 820, 72),
(1133, 832, 72),
(1136, 835, 39),
(1138, 837, 72),
(1142, 841, 72),
(1152, 846, 13),
(1155, 849, 75),
(1156, 850, 76),
(1159, 853, 12),
(1160, 854, 12),
(1161, 855, 75),
(1162, 856, 13),
(1164, 858, 14),
(1165, 859, 74),
(1166, 860, 8),
(1167, 861, 11),
(1168, 862, 14),
(1169, 863, 13),
(1171, 865, 18),
(1172, 866, 76),
(1174, 868, 11),
(1175, 869, 75),
(1177, 870, 75),
(1178, 871, 74),
(1179, 872, 75),
(1180, 873, 76),
(1181, 874, 75),
(1182, 875, 74),
(1183, 876, 74),
(1184, 877, 74),
(1185, 878, 75),
(1186, 879, 76),
(1187, 880, 76),
(1189, 882, 74),
(1190, 883, 74),
(1191, 884, 75),
(1192, 885, 76),
(1193, 886, 74),
(1194, 887, 76),
(1196, 889, 74),
(1197, 890, 75),
(1199, 892, 75),
(1200, 893, 75),
(1201, 894, 74),
(1202, 895, 74),
(1203, 896, 75),
(1204, 897, 74),
(1205, 898, 76),
(1206, 899, 74),
(1207, 900, 76),
(1208, 901, 74),
(1209, 902, 39),
(1210, 903, 76),
(1211, 904, 75),
(1212, 905, 76),
(1213, 906, 76),
(1214, 907, 74),
(1215, 908, 75),
(1216, 909, 74),
(1217, 910, 59),
(1219, 912, 74),
(1221, 914, 75),
(1222, 915, 74),
(1224, 917, 76),
(1225, 918, 74),
(1226, 919, 74),
(1227, 920, 56),
(1228, 921, 18),
(1229, 922, 18),
(1230, 923, 8),
(1231, 924, 18),
(1232, 925, 8),
(1233, 926, 13),
(1234, 927, 11),
(1235, 928, 75),
(1236, 929, 18),
(1237, 930, 13),
(1238, 931, 74),
(1239, 932, 74),
(1240, 933, 74),
(1241, 934, 54),
(1242, 935, 74),
(1243, 936, 12),
(1244, 937, 74),
(1245, 938, 75),
(1246, 939, 60),
(1247, 940, 18),
(1248, 941, 56),
(1249, 942, 74),
(1250, 943, 11),
(1251, 944, 11),
(1252, 945, 13),
(1253, 946, 74),
(1254, 947, 12),
(1255, 948, 14),
(1257, 950, 53),
(1258, 951, 61),
(1259, 952, 12),
(1261, 954, 14),
(1262, 955, 12),
(1263, 956, 61),
(1264, 957, 59),
(1265, 958, 54),
(1266, 959, 54),
(1267, 960, 74),
(1268, 961, 39),
(1269, 962, 18),
(1270, 963, 12),
(1271, 964, 59),
(1272, 965, 61),
(1273, 966, 54),
(1274, 967, 54),
(1275, 968, 60),
(1276, 969, 74),
(1277, 970, 75),
(1278, 971, 74),
(1279, 972, 53),
(1280, 973, 53),
(1281, 974, 39),
(1282, 975, 18),
(1283, 976, 8),
(1284, 977, 74),
(1285, 978, 75),
(1286, 979, 18),
(1287, 980, 75),
(1288, 981, 74),
(1289, 982, 75),
(1290, 983, 74),
(1291, 984, 75),
(1292, 985, 74),
(1294, 987, 75),
(1295, 988, 74),
(1296, 989, 74),
(1297, 990, 75),
(1298, 991, 75),
(1299, 992, 77),
(1300, 993, 75),
(1301, 994, 75),
(1302, 995, 18),
(1315, 1001, 8),
(1311, 1001, 52),
(1312, 1001, 58),
(1313, 1001, 59),
(1314, 1001, 60),
(1316, 1002, 8),
(1317, 1002, 52),
(1318, 1002, 58),
(1319, 1003, 11),
(1320, 1004, 12),
(1330, 1005, 58),
(1331, 1005, 59),
(1345, 1007, 11),
(1346, 1007, 58),
(1347, 1007, 59),
(1332, 1008, 11),
(1339, 1015, 18),
(1340, 1016, 52),
(1341, 1016, 58),
(1342, 1016, 59),
(1343, 1016, 60),
(1344, 1017, 18),
(1348, 1018, 8),
(1349, 1019, 52),
(1350, 1020, 51),
(1352, 1022, 60),
(1353, 1023, 12),
(1354, 1024, 18),
(1355, 1024, 58),
(1356, 1024, 59),
(1357, 1025, 8),
(1359, 1026, 52),
(1360, 1026, 58),
(1362, 1026, 59),
(1361, 1026, 60),
(1373, 1031, 81),
(1406, 1037, 81),
(1392, 1039, 81),
(1412, 1041, 8),
(1413, 1041, 11),
(1411, 1042, 81),
(1414, 1043, 81),
(1417, 1044, 12),
(1423, 1045, 13),
(1455, 1061, 8),
(1454, 1061, 81),
(1456, 1062, 81),
(1457, 1063, 11);

-- --------------------------------------------------------

--
-- Table structure for table `log`
--

CREATE TABLE `log` (
  `id` int UNSIGNED NOT NULL,
  `level` varchar(15) NOT NULL,
  `timestamp` timestamp NOT NULL DEFAULT CURRENT_TIMESTAMP ON UPDATE CURRENT_TIMESTAMP,
  `message` text NOT NULL
) ENGINE=InnoDB DEFAULT CHARSET=utf8mb3;

--
-- Dumping data for table `log`
--

INSERT INTO `log` (`id`, `level`, `message`) VALUES
(1, 'info', 'jelofson logged in'),
(2, 'info', 'jelofson logged out'),
(3, 'info', 'jelofson logged in'),
(4, 'info', 'Resource Event: update - ID: 56 - User: jelofson'),
(5, 'info', 'Resource Event: update - ID: 56 - User: jelofson'),
(6, 'info', 'Resources [Array\n(\n)\n] on booking 1051 returned by jelofson'),
(7, 'info', 'Resources [] on booking 1055 returned by jelofson'),
(8, 'info', 'Resources [] on booking 1056 returned by jelofson'),
(9, 'info', 'Resources [Another new resource; SAT phone 2; SAT phone 3] on booking 1057 returned by jelofson'),
(10, 'info', 'Resources [Another new resource; SAT phone 2] on booking 1058 returned by jelofson'),
(11, 'info', 'jelofson logged in'),
(12, 'info', 'Resources [SAT phone 2; Another new resource] on booking 1058 returned by jelofson'),
(13, 'info', 'Booking 1048 with resources [Array\n(\n)\n] deleted by jelofson'),
(14, 'info', 'Resources [Another new resource; SAT phone 2] on booking 1059 returned by jelofson'),
(15, 'info', 'Booking 1059 with resources [Array\n(\n    [0] => ResourceBooking\\Models\\Resource\\ResourceRecord Object\n        (\n            [updated_col:protected] => updated\n            [created_col:protected] => created\n            [created_by_col:protected] => created_by\n            [updated_by_col:protected] => updated_by\n            [errors:protected] => Array\n                (\n                )\n\n            [row:Atlas\\Mapper\\Record:private] => ResourceBooking\\Models\\Resource\\ResourceRow Object\n                (\n                    [cols:protected] => Array\n                        (\n                            [id] => 8\n                            [resource] => SAT phone 2\n                            [resource_group_id] => 4\n                            [model] => Iridium 9555 Satellite Phone\n                            [serial_number] => \n                            [location] => Stores\n                            [description] => Sim Card #	Phone #	Data	PIN	Toll Free	Case #		Asset #\r\n8988169514000275268 CDN	8816-514-25574	8816-937-25574	1111	1-866-249-1559	2		A059174\r\n\r\nToll Free #  1-866-249-1559\r\nInfo Regarding Sat Phone that Requires new chip:	\r\nDealer Info:	\r\nMobility Central	Phone: 780-482-5252\r\nContact: Bob Laing	Fax: 780-482-5224\r\nCode: AB545	\r\nCommissioning Info:	\r\nAccount:  Natural Resources Canada	\r\nAgreement #: 	61672612\r\nPager Cap Code	7974941\r\nCustomer Service: NOC 1-866-249-1559 or 8111 from your Iridium phone	\r\nServices:  Voice Mail	\r\nPhoned 1-800-207-5759 Terry and Chris said not applicable	\r\nRAD 12 digit starts with 8816 not required to update as per Feb 20 12 notice.	\r\n\n                            [image] => \n                            [current_mileage] => \n                            [service_mileage] => \n                            [service_date] => \n                            [available] => 1\n                        )\n\n                    [action:Atlas\\Table\\Row:private] => \n                    [delete:Atlas\\Table\\Row:private] => \n                    [init:Atlas\\Table\\Row:private] => Array\n                        (\n                            [id] => 8\n                            [resource] => SAT phone 2\n                            [resource_group_id] => 4\n                            [model] => Iridium 9555 Satellite Phone\n                            [serial_number] => \n                            [location] => Stores\n                            [description] => Sim Card #	Phone #	Data	PIN	Toll Free	Case #		Asset #\r\n8988169514000275268 CDN	8816-514-25574	8816-937-25574	1111	1-866-249-1559	2		A059174\r\n\r\nToll Free #  1-866-249-1559\r\nInfo Regarding Sat Phone that Requires new chip:	\r\nDealer Info:	\r\nMobility Central	Phone: 780-482-5252\r\nContact: Bob Laing	Fax: 780-482-5224\r\nCode: AB545	\r\nCommissioning Info:	\r\nAccount:  Natural Resources Canada	\r\nAgreement #: 	61672612\r\nPager Cap Code	7974941\r\nCustomer Service: NOC 1-866-249-1559 or 8111 from your Iridium phone	\r\nServices:  Voice Mail	\r\nPhoned 1-800-207-5759 Terry and Chris said not applicable	\r\nRAD 12 digit starts with 8816 not required to update as per Feb 20 12 notice.	\r\n\n                            [image] => \n                            [current_mileage] => \n                            [service_mileage] => \n                            [service_date] => \n                            [available] => 1\n                        )\n\n                    [status:Atlas\\Table\\Row:private] => SELECTED\n                    [validAction:Atlas\\Table\\Row:private] => Array\n                        (\n                            [0] => \n                            [1] => INSERT\n                            [2] => UPDATE\n                            [3] => DELETE\n                        )\n\n                    [validStatus:Atlas\\Table\\Row:private] => Array\n                        (\n                            [0] => \n                            [1] => SELECTED\n                            [2] => INSERTED\n                            [3] => UPDATED\n                            [4] => DELETED\n                        )\n\n                )\n\n            [related:Atlas\\Mapper\\Record:private] => Atlas\\Mapper\\Related Object\n                (\n                    [fields:Atlas\\Mapper\\Related:private] => Array\n                        (\n                            [bookingResources] => \n                            [group] => ResourceBooking\\Models\\ResourceGroup\\ResourceGroupRecord Object\n                                (\n                                    [updated_col:protected] => updated\n                                    [created_col:protected] => created\n                                    [created_by_col:protected] => created_by\n                                    [updated_by_col:protected] => updated_by\n                                    [errors:protected] => Array\n                                        (\n                                        )\n\n                                    [row:Atlas\\Mapper\\Record:private] => ResourceBooking\\Models\\ResourceGroup\\ResourceGroupRow Object\n                                        (\n                                            [cols:protected] => Array\n                                                (\n                                                    [id] => 4\n                                                    [resource_group] => Field Safety\n                                                    [userid] => tcail,jelofson\n                                                )\n\n                                            [action:Atlas\\Table\\Row:private] => \n                                            [delete:Atlas\\Table\\Row:private] => \n                                            [init:Atlas\\Table\\Row:private] => Array\n                                                (\n                                                    [id] => 4\n                                                    [resource_group] => Field Safety\n                                                    [userid] => tcail,jelofson\n                                                )\n\n                                            [status:Atlas\\Table\\Row:private] => SELECTED\n                                            [validAction:Atlas\\Table\\Row:private] => Array\n                                                (\n                                                    [0] => \n                                                    [1] => INSERT\n                                                    [2] => UPDATE\n                                                    [3] => DELETE\n                                                )\n\n                                            [validStatus:Atlas\\Table\\Row:private] => Array\n                                                (\n                                                    [0] => \n                                                    [1] => SELECTED\n                                                    [2] => INSERTED\n                                                    [3] => UPDATED\n                                                    [4] => DELETED\n                                                )\n\n                                        )\n\n                                    [related:Atlas\\Mapper\\Record:private] => Atlas\\Mapper\\Related Object\n                                        (\n                                            [fields:Atlas\\Mapper\\Related:private] => Array\n                                                (\n                                                    [resources] => \n                                                )\n\n                                        )\n\n                                )\n\n                        )\n\n                )\n\n        )\n\n    [1] => ResourceBooking\\Models\\Resource\\ResourceRecord Object\n        (\n            [updated_col:protected] => updated\n            [created_col:protected] => created\n            [created_by_col:protected] => created_by\n            [updated_by_col:protected] => updated_by\n            [errors:protected] => Array\n                (\n                )\n\n            [row:Atlas\\Mapper\\Record:private] => ResourceBooking\\Models\\Resource\\ResourceRow Object\n                (\n                    [cols:protected] => Array\n                        (\n                            [id] => 81\n                            [resource] => Another new resource\n                            [resource_group_id] => 8\n                            [model] => \n                            [serial_number] => \n                            [location] => in the drawer\n                            [description] => A test resource\n                            [image] => \n                            [current_mileage] => \n                            [service_mileage] => \n                            [service_date] => \n                            [available] => 1\n                        )\n\n                    [action:Atlas\\Table\\Row:private] => \n                    [delete:Atlas\\Table\\Row:private] => \n                    [init:Atlas\\Table\\Row:private] => Array\n                        (\n                            [id] => 81\n                            [resource] => Another new resource\n                            [resource_group_id] => 8\n                            [model] => \n                            [serial_number] => \n                            [location] => in the drawer\n                            [description] => A test resource\n                            [image] => \n                            [current_mileage] => \n                            [service_mileage] => \n                            [service_date] => \n                            [available] => 1\n                        )\n\n                    [status:Atlas\\Table\\Row:private] => SELECTED\n                    [validAction:Atlas\\Table\\Row:private] => Array\n                        (\n                            [0] => \n                            [1] => INSERT\n                            [2] => UPDATE\n                            [3] => DELETE\n                        )\n\n                    [validStatus:Atlas\\Table\\Row:private] => Array\n                        (\n                            [0] => \n                            [1] => SELECTED\n                            [2] => INSERTED\n                            [3] => UPDATED\n                            [4] => DELETED\n                        )\n\n                )\n\n            [related:Atlas\\Mapper\\Record:private] => Atlas\\Mapper\\Related Object\n                (\n                    [fields:Atlas\\Mapper\\Related:private] => Array\n                        (\n                            [bookingResources] => \n                            [group] => ResourceBooking\\Models\\ResourceGroup\\ResourceGroupRecord Object\n                                (\n                                    [updated_col:protected] => updated\n                                    [created_col:protected] => created\n                                    [created_by_col:protected] => created_by\n                                    [updated_by_col:protected] => updated_by\n                                    [errors:protected] => Array\n                                        (\n                                        )\n\n                                    [row:Atlas\\Mapper\\Record:private] => ResourceBooking\\Models\\ResourceGroup\\ResourceGroupRow Object\n                                        (\n                                            [cols:protected] => Array\n                                                (\n                                                    [id] => 8\n                                                    [resource_group] => A group of fun\n                                                    [userid] => jelofson\n                                                )\n\n                                            [action:Atlas\\Table\\Row:private] => \n                                            [delete:Atlas\\Table\\Row:private] => \n                                            [init:Atlas\\Table\\Row:private] => Array\n                                                (\n                                                    [id] => 8\n                                                    [resource_group] => A group of fun\n                                                    [userid] => jelofson\n                                                )\n\n                                            [status:Atlas\\Table\\Row:private] => SELECTED\n                                            [validAction:Atlas\\Table\\Row:private] => Array\n                                                (\n                                                    [0] => \n                                                    [1] => INSERT\n                                                    [2] => UPDATE\n                                                    [3] => DELETE\n                                                )\n\n                                            [validStatus:Atlas\\Table\\Row:private] => Array\n                                                (\n                                                    [0] => \n                                                    [1] => SELECTED\n                                                    [2] => INSERTED\n                                                    [3] => UPDATED\n                                                    [4] => DELETED\n                                                )\n\n                                        )\n\n                                    [related:Atlas\\Mapper\\Record:private] => Atlas\\Mapper\\Related Object\n                                        (\n                                            [fields:Atlas\\Mapper\\Related:private] => Array\n                                                (\n                                                    [resources] => \n                                                )\n\n                                        )\n\n                                )\n\n                        )\n\n                )\n\n        )\n\n)\n] deleted by jelofson'),
(16, 'info', 'Resources [Another new resource; SAT phone 2] on booking 1060 returned by jelofson'),
(17, 'info', 'Booking 1060 with resources [SAT phone 2; Another new resource] deleted by jelofson'),
(18, 'info', 'Resources [Another new resource; SAT phone 2] on booking 1061 returned by jelofson'),
(19, 'info', 'Booking 1061 with resources [SAT phone 2; Another new resource] modified by jelofson'),
(20, 'info', 'jelofson logged in'),
(21, 'info', 'Booking 1061 with resources [SAT phone 2; Another new resource] modified by jelofson'),
(22, 'info', 'Resources [SAT phone 2; Another new resource] on booking 1061 returned by jelofson'),
(23, 'info', 'jelofson logged in'),
(24, 'info', 'Resources [Another new resource] on booking 1062 returned by jelofson'),
(25, 'info', 'Resources [SAT phone 3] on booking 1063 returned by jelofson'),
(26, 'info', 'jelofson logged in'),
(27, 'info', 'Resources [Another new resource] on booking 1062 returned by jelofson'),
(28, 'info', 'jelofson logged in'),
(29, 'info', 'Resources [SAT phone 3] on booking 1063 returned by jelofson'),
(30, 'info', 'Resources [SAT phone 3] on booking 1063 returned by jelofson'),
(31, 'info', 'jelofson logged out'),
(32, 'info', 'jelofson logged in');

-- --------------------------------------------------------

--
-- Table structure for table `resource`
--

CREATE TABLE `resource` (
  `id` int UNSIGNED NOT NULL,
  `resource` varchar(150) NOT NULL,
  `resource_group_id` int UNSIGNED NOT NULL,
  `model` varchar(150) DEFAULT NULL,
  `serial_number` varchar(150) DEFAULT NULL,
  `location` varchar(150) NOT NULL,
  `description` longtext,
  `image` varchar(150) DEFAULT NULL,
  `current_mileage` varchar(50) DEFAULT NULL,
  `service_mileage` varchar(50) DEFAULT NULL,
  `service_date` date DEFAULT NULL,
  `available` int NOT NULL
) ENGINE=InnoDB DEFAULT CHARSET=utf8mb3;

--
-- Dumping data for table `resource`
--

INSERT INTO `resource` (`id`, `resource`, `resource_group_id`, `model`, `serial_number`, `location`, `description`, `image`, `current_mileage`, `service_mileage`, `service_date`, `available`) VALUES
(4, 'Quad 02 - SURPLUS 2012', 2, '2000 Honda TRS 400', '478TE2026Y4100600  ', 'SURPLUS', 'Plate: HM001\r\n', '/assets/image/435', '5165', '5056', '2010-05-25', 0),
(8, 'SAT phone 2', 4, 'Iridium 9555 Satellite Phone', NULL, 'Stores', 'Sim Card #	Phone #	Data	PIN	Toll Free	Case #		Asset #\r\n8988169514000275268 CDN	8816-514-25574	8816-937-25574	1111	1-866-249-1559	2		A059174\r\n\r\nToll Free #  1-866-249-1559\r\nInfo Regarding Sat Phone that Requires new chip:	\r\nDealer Info:	\r\nMobility Central	Phone: 780-482-5252\r\nContact: Bob Laing	Fax: 780-482-5224\r\nCode: AB545	\r\nCommissioning Info:	\r\nAccount:  Natural Resources Canada	\r\nAgreement #: 	61672612\r\nPager Cap Code	7974941\r\nCustomer Service: NOC 1-866-249-1559 or 8111 from your Iridium phone	\r\nServices:  Voice Mail	\r\nPhoned 1-800-207-5759 Terry and Chris said not applicable	\r\nRAD 12 digit starts with 8816 not required to update as per Feb 20 12 notice.	\r\n', NULL, NULL, NULL, NULL, 1),
(11, 'SAT phone 3', 4, 'Iridium 9555 Satellite Phone', NULL, 'Stores', 'Sim Card #	Phone #	Data	PIN	Toll Free	Case #		Asset #\r\n8988169514000275334 CDN	8816-514-25571	8816-937-25571	1111	1-866-249-1559	3		A059177\r\n\r\nToll Free #  1-866-249-1559\r\nInfo Regarding Sat Phone that Requires new chip:	\r\nDealer Info:	\r\nMobility Central	Phone: 780-482-5252\r\nContact: Bob Laing	Fax: 780-482-5224\r\nCode: AB545	\r\nCommissioning Info:	\r\nAccount:  Natural Resources Canada	\r\nAgreement #: 	61672612\r\nPager Cap Code	7974941\r\nCustomer Service: NOC 1-866-249-1559 or 8111 from your Iridium phone	\r\nServices:  Voice Mail	\r\nPhoned 1-800-207-5759 Terry and Chris said not applicable	\r\nRAD 12 digit starts with 8816 not required to update as per Feb 20 12 notice.	\r\n', NULL, NULL, NULL, '1969-12-31', 1),
(12, 'SAT phone 4', 4, 'Iridium 9555 Satellite Phone', NULL, 'Stores', 'Sim Card #	Phone #	Data	PIN	Toll Free	Case #		Asset #\r\n8988169514000275318 CDN	8816-514-25573	8816-937-25573	1111	1-866-249-1559	4		A059175\r\n\r\nToll Free #  1-866-249-1559\r\nInfo Regarding Sat Phone that Requires new chip:	\r\nDealer Info:	\r\nMobility Central	Phone: 780-482-5252\r\nContact: Bob Laing	Fax: 780-482-5224\r\nCode: AB545	\r\nCommissioning Info:	\r\nAccount:  Natural Resources Canada	\r\nAgreement #: 	61672612\r\nPager Cap Code	7974941\r\nCustomer Service: NOC 1-866-249-1559 or 8111 from your Iridium phone	\r\nServices:  Voice Mail	\r\nPhoned 1-800-207-5759 Terry and Chris said not applicable	\r\nRAD 12 digit starts with 8816 not required to update as per Feb 20 12 notice.	\r\n\r\nServiced March 2017 (M.Keryliuk)', NULL, NULL, NULL, '1969-12-31', 1),
(13, 'SAT phone 5', 4, 'Iridium 9555 Satellite Phone', NULL, 'Stores', 'Sim Card #	Phone #	Data	PIN	Toll Free	Case #		Asset #\r\n8988169514000275243 CDN	8816-514-25576	8816-937-25576	1111	1-866-249-1559	5		A059172\r\n\r\nToll Free #  1-866-249-1559\r\nInfo Regarding Sat Phone that Requires new chip:	\r\nDealer Info:	\r\nMobility Central	Phone: 780-482-5252\r\nContact: Bob Laing	Fax: 780-482-5224\r\nCode: AB545	\r\nCommissioning Info:	\r\nAccount:  Natural Resources Canada	\r\nAgreement #: 	61672612\r\nPager Cap Code	7974941\r\nCustomer Service: NOC 1-866-249-1559 or 8111 from your Iridium phone	\r\nServices:  Voice Mail	\r\nPhoned 1-800-207-5759 Terry and Chris said not applicable	\r\nRAD 12 digit starts with 8816 not required to update as per Feb 20 12 notice.	\r\n', NULL, NULL, NULL, '1969-12-31', 1),
(14, 'SAT phone 6', 4, 'Iridium 9555 Satellite Phone', NULL, 'Stores', 'Sim Card #	Phone #	Data	PIN	Toll Free	Case #		Asset #\r\n8988169514000275326 CDN	8816-514-25572	8816-937-25572	1111	1-866-249-1559	6		A059173\r\n\r\nToll Free #  1-866-249-1559\r\nInfo Regarding Sat Phone that Requires new chip:	\r\nDealer Info:	\r\nMobility Central	Phone: 780-482-5252\r\nContact: Bob Laing	Fax: 780-482-5224\r\nCode: AB545	\r\nCommissioning Info:	\r\nAccount:  Natural Resources Canada	\r\nAgreement #: 	61672612\r\nPager Cap Code	7974941\r\nCustomer Service: NOC 1-866-249-1559 or 8111 from your Iridium phone	\r\nServices:  Voice Mail	\r\nPhoned 1-800-207-5759 Terry and Chris said not applicable	\r\nRAD 12 digit starts with 8816 not required to update as per Feb 20 12 notice.	\r\n', NULL, NULL, NULL, '1969-12-31', 1),
(18, 'SAT phone 1', 4, 'Iridium 9555 Satellite Phone', NULL, 'Stores', 'Mim 170707: Mike Michaelian said it was probably working since Dan Thompson was using it last year.\r\n\r\nMim 150611: remove sat phone #1 from the list.  It is been out of service for ever and sitting on my floor.  I am not sure what is going to happen with it or who will get it fixed.  Requires new chip.\r\n\r\nSim Card #	Phone #	Data	PIN	Toll Free	Case #		Asset #\r\n8988169514000275250 CDN	8816-514-25575	8816-937-25575	1111	1-866-249-1559	1	A059176\r\n\r\nToll Free #  1-866-249-1559\r\nInfo Regarding Sat Phone that Requires new chip:	\r\nDealer Info:	\r\nMobility Central	Phone: 780-482-5252\r\nContact: Bob Laing	Fax: 780-482-5224\r\nCode: AB545	\r\nCommissioning Info:	\r\nAccount:  Natural Resources Canada	\r\nAgreement #: 	61672612\r\nPager Cap Code	7974941\r\nCustomer Service: NOC 1-866-249-1559 or 8111 from your Iridium phone	\r\nServices:  Voice Mail	\r\nPhoned 1-800-207-5759 Terry and Chris said not applicable	\r\nRAD 12 digit starts with 8816 not required to update as per Feb 20 12 notice.	\r\n', NULL, NULL, NULL, NULL, 1),
(23, 'Quad 03 - not in service - SURPLUS 2012', 2, '2000 Honda TRX 400', '478TE2027Y4100590', 'SURPLUS', 'Plate: HM000\r\nLast Service Type: ATV Complete Tune-up & Service, New Battery by Honda Extreme', 'assets/file/436', '4765', '4724', '2010-04-30', 0),
(24, 'Quad 04 - not in service - SURPLUS 2012', 2, '1997 Honda TRX 400', '478TE2024VA201292', 'SURPLUS', 'Plate: XTH697\r\nLast Service Type: ATV Complete Tune-up & Service by Honda Extreme\r\n', '/assets/image/437', '2419', '2369', '2010-04-30', 0),
(29, 'Quad 09', 2, '1999 Honda TRX 400', '478TE2026X4000219', 'Quad Shed', 'Last service: inspection and fluid change.\r\nPlate: XNS 969', '/assets/image/438', '6039', '6039', '2019-03-29', 1),
(32, 'Quad 12', 2, '2001 Honda TRX 350', '478TE25251A105304', 'Quad Shed', 'Last service: inspection and fluid change.\r\nPlate: HM061\r\n', '/assets/image/439', '3150', '3150', '2019-03-19', 1),
(33, 'Quad 13 - SURPLUS 2017', 2, '2001 Honda TRX 350', '478TE25281A105233', 'SURPLUS', '171024 marked surplused\r\n151120 service deferred until funding available...\r\n140911 unavailable: transmission problem.\r\nLast service: inspection and fluid change.\r\nPlate: HM060', '/assets/image/14', '2337', '1210', '2012-10-25', 0),
(34, 'Trailer 01 - SURPLUS', 2, 'double, low deck', 'sP9UC211341057023', 'Surplus', 'If you need to use this trailer, book it in for service and get me the receipt.  Note that the tongue is also bent.  The trailer needs a license plate.\r\nDO NOT USE UNTIL SERVICED.\r\nDO NOT USE UNTIL PLATED.\r\nHas no spare tire.\r\nLast service: unknown\r\nPlate#: unknown\r\nCertified Custom Trailers, Jan 25, 2000.', '/assets/image/165', 'unknown', 'unknown', NULL, 0),
(35, 'Trailer 02 - SURPLUS', 2, 'double, low deck', '2H95B3HA7RD052010', 'Surplus', 'Has no spare tire.\r\nLast service: spring 2009\r\nPlate#: 8225-14', '/assets/image/445', 'unknown', 'unknown', NULL, 0),
(36, 'Trailer 03 - Fibre Centre', 2, 'double, low deck', 'unknown', 'MB - unknown', 'This trailer is permanently offsite, last known in MB. Mim has a 2009 email trail with Gord Faulk that gives a license plate#.\r\nLast service: unknown\r\nPlate #: unknown', NULL, 'unknown', 'unknown', NULL, 0),
(37, 'Trailer 04 - SURPLUS', 2, 'double, low deck', '2H95B3HA7RD052011', 'Surplus', 'This trailer needs to be serviced before use.\r\nDO NOT USE UNTIL SERVICED.\r\nHas no spare tire.\r\nHas no gravel shield.\r\nLast service: unknown\r\nPlate # 9998-9B', '/assets/image/167', 'unknown', 'unknown', NULL, 0),
(38, 'Trailer 07', 2, '2006 double, high deck', '2P9U0211851057012', 'NoFC', 'Last service: missing info\r\nPlate # 8788-10, \r\nManufacturer: Certified Custom Trailers\r\nNB. Milage is post-2010.  Pre-2010 milage was not tracked.', '/assets/image/164', '8,280 km', '8,280 km', '2012-11-28', 1),
(39, 'Projector NEC 1', 1, 'NEC LT260K', '3900755FD', 'M071', '2.9 kg Net Weight\r\n2,400 ANSI Lumens Light Output\r\n1,900 ANSI Lumens (Lamp Eco Mode)\r\nUXGA (1,600 x 1,200) Maximum Resolution\r\n\r\n<strong>Note: For use only within NoFC, not for travel!</strong>', NULL, NULL, NULL, NULL, 1),
(51, 'Quad 14', 2, '2009 Honda TRX 420 FPM', '1HFTE35G394201327', 'Quad Shed', 'Last service: inspection and fluid change.\r\nPlate QB291\r\nPurchased 2009: ATV PDI by Honda Extreme\r\n', '/assets/image/440', '1691', '1691', '2019-03-19', 1),
(52, 'Quad 15', 2, '2009 Honda TRX 420 FPM', '1HFTE35G294201321', 'Quad shed', 'Last service: inspection and fluid change, install pull start.\r\nPlate QB292\r\nPurchased 2009: ATV PDI by Honda Extreme\r\n', '/assets/image/441', '2147', '2147', '2019-03-19', 1),
(53, 'Trailer 08', 2, '2009 double, high deck', '2T9FT8A1981416757', 'NoFC', 'Last service: missing info\r\nPlate # Z04148, manufacturer: Beothuck Trailers Ltd., Dec 2009.\r\nYo!', '/assets/image/449', '12,125 km', '12,125 km', '2019-03-14', 1),
(54, 'Trailer 09', 2, '2009 double, high deck', '2DASR21469T010582', 'NoFC', 'Last service: missing info\r\nPlate # Z04149, manufacturer: Double A Trailer, Dec 2009\r\n', '/assets/image/145', '30,158  km', '30,158  km', '2019-03-14', 1),
(56, 'ArcGIS ArcInfo License 1', 1, 'v10 with Grid', NULL, 's-edm-esri-field', 'ArcInfo license for borrowing longer term.', NULL, NULL, '', NULL, 0),
(57, 'ArcGIS ArcInfo License 2', 1, 'v10 with Grid', NULL, 's-edm-esri-field', 'ArcInfo license for borrowing longer term.', NULL, NULL, '', NULL, 0),
(58, 'Quad 16', 2, '2012 Honda TRX 420 FMC', '1HFTE3520C4500818', 'Quad Shed', 'Last service: Inspection and fluid change.\r\nPlate: XNN274', '/assets/image/442', '2177', '2177', '2019-03-19', 1),
(59, 'Quad 17', 2, '2012 Honda TRX 420 FMC', '1HFTE3526C4500855', 'Quad Shed', 'Last service: Inspection and fluid change.\r\nPlate: XNS990\r\n', '/assets/image/443', '1580', '1580', '2019-03-19', 1),
(60, 'Trailer 10', 2, '2012 4-place, high deck', '2DASC6244CT013401', 'NoFC', 'Last service: missing info\r\nPlate# BFR6960\r\nSupplier: Wholesale Trailers of Alberta Inc. Mar 8, 2012\r\nModel: Charger (SLT78)\r\nSpecial Notes:  requires 2-5/16\" ball, requires Electronic Trailer Brake Controller installed in tow vehicle.\r\n\r\n', '/assets/image/1134', '12,446 km', '12,446 km', '2019-03-13', 1),
(61, 'Quad 18', 2, '2008 Honda TRX500MF8', '1HFTE312X84300820', 'Quad Shed', 'Plate: XTH-697\r\nService Date: 2019-03-28\r\nService: ATV complete tuneup & service, oil and filter change, replaced spark plug, rebuilt carb.', NULL, '672', '670', '2019-03-28', 1),
(66, 'Yeti Microphone', 3, 'Yeti USB Microphone', NULL, 'M089', 'Purchased for recording meetings in medium-sized rooms with lots of ambient noise.', '/assets/image/944', NULL, NULL, NULL, 1),
(67, 'Chromecast', 3, 'Chromecast', NULL, 'M089', 'Chromecast used for demos: putting a tablet (or laptop) display on a TV.', '/assets/image/943', NULL, NULL, NULL, 1),
(68, 'Portable Videoconferencing Tandberg', 1, NULL, NULL, 'M077', '', NULL, NULL, NULL, NULL, 1),
(72, 'SURFACE PRO 3', 1, 'Surface Pro 3', '015626145053', 'M077', 'Loaner surface pro 3. can only be booked for a maximum of 2 weeks', NULL, NULL, NULL, NULL, 0),
(74, 'HP1', 1, 'Elitebook 2750P', 'CNU404CTMQ', 'M077', 'Loaner laptop', NULL, NULL, NULL, NULL, 1),
(75, 'HP2', 1, 'Elitebook 840 G1', 'BCAJWZ64C4', 'M077', 'Loaner laptop', NULL, NULL, NULL, NULL, 1),
(76, 'Surface Pro 3', 1, 'Surface Pro 3', '015626145053', 'M077', 'Loaner Surface pro', NULL, NULL, NULL, '2018-06-24', 1),
(77, 'Stationary Sander', 5, NULL, NULL, 'Carpentry Shop', 'This is the big sander that you can use for sanding :)', NULL, NULL, NULL, NULL, 0),
(79, 'My new resource', 6, NULL, NULL, 'In my basement', 'A test resource', NULL, NULL, NULL, NULL, 1),
(80, 'Another new resource', 7, NULL, NULL, 'in the drawer', 'A test resource', NULL, NULL, NULL, NULL, 1),
(81, 'Another new resource', 8, NULL, NULL, 'in the drawer', 'A test resource', NULL, NULL, NULL, NULL, 1),
(82, 'Fools are us', 7, NULL, NULL, 'Jon\'s house', NULL, NULL, NULL, '', NULL, 0);

-- --------------------------------------------------------

--
-- Table structure for table `resource_group`
--

CREATE TABLE `resource_group` (
  `id` int UNSIGNED NOT NULL,
  `resource_group` varchar(150) NOT NULL,
  `userid` varchar(25) NOT NULL
) ENGINE=InnoDB DEFAULT CHARSET=utf8mb3;

--
-- Dumping data for table `resource_group`
--

INSERT INTO `resource_group` (`id`, `resource_group`, `userid`) VALUES
(1, 'Informatics', 'bwong,ssafeer'),
(2, 'Quads/Trailers', 'mgartrel,btomm,tcail'),
(3, 'RSGIS Group Shared Equipment', 'mgartrel'),
(4, 'Field Safety', 'tcail,jelofson'),
(5, 'Carpentry Shop', 'cmcnalty'),
(6, 'Test group', 'jelofson'),
(7, 'A group of fun', 'jelofson'),
(8, 'A group of fun', 'jelofson');

--
-- Indexes for dumped tables
--

--
-- Indexes for table `booking`
--
ALTER TABLE `booking`
  ADD PRIMARY KEY (`id`),
  ADD KEY `fk_userid_booking` (`userid`);

--
-- Indexes for table `booking_resource`
--
ALTER TABLE `booking_resource`
  ADD PRIMARY KEY (`id`),
  ADD UNIQUE KEY `bookings_resources` (`booking_id`,`resource_id`),
  ADD KEY `resource_bookings_booking_id` (`booking_id`),
  ADD KEY `resources_resource_id` (`resource_id`);

--
-- Indexes for table `log`
--
ALTER TABLE `log`
  ADD PRIMARY KEY (`id`),
  ADD KEY `level` (`level`);

--
-- Indexes for table `resource`
--
ALTER TABLE `resource`
  ADD PRIMARY KEY (`id`),
  ADD KEY `fk_resource_group` (`resource_group_id`);

--
-- Indexes for table `resource_group`
--
ALTER TABLE `resource_group`
  ADD PRIMARY KEY (`id`);

--
-- AUTO_INCREMENT for dumped tables
--

--
-- AUTO_INCREMENT for table `booking`
--
ALTER TABLE `booking`
  MODIFY `id` int UNSIGNED NOT NULL AUTO_INCREMENT, AUTO_INCREMENT=1064;

--
-- AUTO_INCREMENT for table `booking_resource`
--
ALTER TABLE `booking_resource`
  MODIFY `id` int UNSIGNED NOT NULL AUTO_INCREMENT, AUTO_INCREMENT=1458;

--
-- AUTO_INCREMENT for table `log`
--
ALTER TABLE `log`
  MODIFY `id` int UNSIGNED NOT NULL AUTO_INCREMENT, AUTO_INCREMENT=33;

--
-- AUTO_INCREMENT for table `resource`
--
ALTER TABLE `resource`
  MODIFY `id` int UNSIGNED NOT NULL AUTO_INCREMENT, AUTO_INCREMENT=83;

--
-- AUTO_INCREMENT for table `resource_group`
--
ALTER TABLE `resource_group`
  MODIFY `id` int UNSIGNED NOT NULL AUTO_INCREMENT, AUTO_INCREMENT=9;

--
-- Constraints for dumped tables
--

--
-- Constraints for table `booking_resource`
--
ALTER TABLE `booking_resource`
  ADD CONSTRAINT `booking_resource_ibfk_1` FOREIGN KEY (`booking_id`) REFERENCES `booking` (`id`) ON DELETE RESTRICT ON UPDATE RESTRICT,
  ADD CONSTRAINT `booking_resource_ibfk_2` FOREIGN KEY (`resource_id`) REFERENCES `resource` (`id`) ON DELETE RESTRICT ON UPDATE RESTRICT;

--
-- Constraints for table `resource`
--
ALTER TABLE `resource`
  ADD CONSTRAINT `resource_ibfk_1` FOREIGN KEY (`resource_group_id`) REFERENCES `resource_group` (`id`) ON DELETE RESTRICT ON UPDATE RESTRICT;
COMMIT;

/*!40101 SET CHARACTER_SET_CLIENT=@OLD_CHARACTER_SET_CLIENT */;
/*!40101 SET CHARACTER_SET_RESULTS=@OLD_CHARACTER_SET_RESULTS */;
/*!40101 SET COLLATION_CONNECTION=@OLD_COLLATION_CONNECTION */;
